"","Choline*","Serine","Diethanolamine*","Hypotaurine","Cytosine","Creatinine","Proline","Succinate","Guanidinoacetate","Betaine","Threonine","Taurine","Pipecolate*","Creatine","Leucine","Malate","Ureidopropionic acid*","L-(-)-Asparagine","DL-Ornithine","aspartic acid dianion","Adenine","D-erythronic acid","Hypoxanthine","1-methylnicotinamide","Trigonelline*","Urocanate*","O-Phosphorylethanolamine*","Proline Betaine","alpha-Ketoglutaric acid","Glutamine","g-Butyrobetaine*","D-2-Hydroxyglutaric acid","L-Pyroglutamic acid*","DL-Lysine","Nudifloramide*","Imidazolelactic acid*","Indole-3-acetaldehyde*","N6-METHYLLYSINE","Aminoadipate","N-Methylglutamate*","L-Cartinine","Phenylalanine","DL-Methionine Sulfoxide","7-Methylguanine*","Uric acid","Guanidinoethyl sulfonate*","Pyridoxal*","3-Methylhistidine","aconitate","Î²-Glycerophosphate*","N-Acetylasparagine","N-Acetylornithine*","Citrulline","Inositol*","Mannitol","Methionine sulfone","Phosphorylcholine","N-Alpha-Acetyllysine","N6-Acetyllysine","Homo-L-arginine","L-Targinine*","beta-Asp-Gly","Glycyl-Aspartate (RT = 9.466)","D-gluconate anion","Tryptophan","N,N-dimethylarginine","Acetylcarnitine","gamma-Glutamylglycine","Phosphocreatine","Acetylarginine*","Ala-Gln*","propionylcarnitine","Pantothenate (RT = 2.976)","Carnosine","Ergothioneine","Isobutyrylcarnitine","Cystine*","Anserine","Uridine","Cytidine","Tiglylcarnitine (RT = 2.835)","Isovalerylcarnitine","Malonyl-L-carnitine","g-Glutamylcysteine*","5'-Deoxyadenosine","Choline Alfoscerate","Glucosamine 6-phosphate*","Hexanoylcarnitine (RT = 2.766)","fructose 6-phosphate","Succinylcarnitine","Thiamine","Adenosine","Inosine (RT = 4.831)","gamma-Glu-gln","saccharopine","1-Methyladenosine*","Guanosine","Argininosuccinate","Methylthioadenosine (RT = 2.546)","N-Acetylaspartylglutamate*","Glutathione Reduced","N-Acetylneuraminate","Decanoylcarnitine (RT = 2.603)","cytidine 5′-monophosphate","UMP","Nicotinamide Mononucleotide","Lauroylcarnitine*","Adenosine monophosphate","Inosinic acid","3-Hydroxydodecanoylcarnitine (RT = 2.765)","Guanosine monophosphate","S-Adenosylhomocysteine","Deoxycholic acid*","S-Adenosyl-L-methionine","UDP*","3-hydroxyhexadecanoylcarnitine","Cocarboxylase*","adenosine 3',5'-bisphosphate","Guanosine 5'-diphosphate (GDP)*","CDP-ethanolamine","Citicoline","Maltotriose*","Adenosine triphosphate (ATP)","Cyclic ADP-ribose","Adenosine diphosphate ribose","Uridine diphosphategalactose","GDP-Fucose*","GDP-Mannose","Uridine diphosphate-N-acetylgalactosamine","Oxidized Glutathione","CMP-N-Acetylneuraminate","NADH","Maltotetraose*","Nicotinamide adenine dinucleotide phosphate (NADP+)","NADPH","Glycolate*","Coenzyme A","FAD*","Acetyl-Coa*","lactate anion*","Alanine","Beta-Alanine","Sarcosine"
"MSJ01_HG_010_b",496402683.59049,31033242.8319062,479324868.017429,16033435.3541645,36073882.5422509,960793489.138106,1127384181.04014,76589503.0247019,87418272.0552534,4868245416.99311,122587808.429841,2932426344.37033,32839546.3542439,29141837127.1677,300764985.862043,458433798.640436,20005.0517182604,35741242.0085408,13298392.0434287,112738918.693354,132459974.612389,462877398.91957,149796384.520327,20005.0517182604,8637710.53148706,27985219.6624214,66603218.2371978,443070783.027175,33869494.3766369,656917601.432259,470891364.364433,56053322.4182717,20005.0517182604,124600684.758002,20005.0517182604,203451412.868092,20005.0517182604,5774334.79275072,6120761.85981659,23625737.1242952,14417464864.4461,36678362.7163285,12185054.2468465,15113979.2244039,70832713.3960894,20005.0517182604,538203.749674445,228568483.590731,55236420.0837705,34077551.2908681,6039894.93071486,121758902.744291,204475919.418096,172370337.344333,317492069.940118,5021166.56851797,1435185902.9735,17168551.5781482,10459287.2787344,3919892.31240062,5651784.45248938,13159272.1430962,1290154.20590307,116544073.736098,55281872.986649,40794886.2474684,7574228804.82804,3130637.17293513,635219057.644166,9005505.54417661,4095871.53898564,222971739.417074,834133410.393948,869959482.084813,20005.0517182604,56125159.2345633,20005.0517182604,155950700.127399,86363895.6737896,79124393.3780865,2770614.75924845,27792599.942818,27402281.2753831,16806215.6534336,2285804.43549701,478076102.576485,20005.0517182604,4356730.2976543,7546372.50121242,504592041.205788,2192122.91025565,4523994724.36206,299974028.125559,24143118.7108488,16043058.7180853,10412542.8105962,12819098.4654624,1620350.60701285,4120476.79447167,3345188.89311525,2333150423.53876,30836215.7446503,20005.0517182604,8173000.21353963,6974135.98810209,9193759.70841368,1797746.52177968,866945373.576961,10500472.3382341,20005.0517182604,9380107.38778592,7282125.16897226,20005.0517182604,148361546.417497,9128516.81825272,2079749.67216095,9971923.06477933,124070019.765551,2655232.64888364,13959139.7168041,42556456.8190896,1675607.53782019,52783533.326148,4925442.37950975,13727616.6425351,10588388.8721039,586959.286587398,994118.55341186,16695411.5830894,28265772.4337857,1791781.06378097,15844443.4137302,3203762.77134645,5318574.6961768,2984812.22119031,1937878597.9857,6389126.100203,13577480.1927494,4227147.0709271,1607842944.2989,244763362.342083,39038228.1879164,21781653.080914
"MSJ01_HG_019_b",494979694.501201,105036471.788525,324730886.641767,50490665.5705047,44614141.2714932,1194966186.6213,1291769858.32383,113371504.505538,92692717.9101929,8259638806.27365,207038265.173902,3949139772.0285,64051158.2588704,36735789149.4181,763268670.147156,566314431.480702,20652.3109888152,52233795.4968777,24289422.2809975,126780235.684236,170637173.406689,249278254.827405,91902952.2885169,20652.3109888152,16275288.8908753,21392363.2722434,75847888.9208353,329854886.711586,55002048.4804821,1034987221.28903,637299106.11387,20652.3109888152,20652.3109888152,217716043.054458,20652.3109888152,175012630.307135,20652.3109888152,6976721.58343116,10182763.407962,308313772.128408,30846057072.2027,20652.3109888152,15015301.211532,18869463.2694333,84571400.9314072,20652.3109888152,790734.291467319,214366842.205568,77052253.0076764,52556976.6783298,7885289.38628437,225741422.956423,252324385.692666,217893728.060148,310497093.581711,7574971.25407046,2412117121.3953,42632068.4119695,13009499.1180815,4955096.56171067,9480664.94120043,15649309.3771487,20652.3109888152,107957293.435536,91403044.4843056,55679575.791224,11873660467.6583,3966037.33307931,2468218443.02938,10492364.4107596,20652.3109888152,308023568.888695,2453596587.73214,808750518.088277,20652.3109888152,98228492.7464478,224798.905670936,221277987.362505,72403573.4222029,104917666.337477,6003323.9387031,93041316.1741865,41939005.168026,11194857.1517258,3706402.35842814,559145478.392143,20652.3109888152,2757517.5501529,11764690.1682783,1051312857.74573,1855180.28155752,4437654061.38181,253112996.978791,14051834.6882786,19180508.7562404,15288716.181603,9722677.98555244,2174685.77076027,10827529.465781,1361558.13094533,3238338348.07537,28053260.9982116,20652.3109888152,10233588.2248279,7459967.81586664,3741635.08095263,20652.3109888152,1136942743.07038,7681317.26840006,20652.3109888152,12938774.0896551,7139945.17292284,12885659.2351567,275635726.427798,18664628.5478062,9808626.05430678,21644004.9668577,204560046.811211,20652.3109888152,21135547.4555408,20652.3109888152,458732.256080499,176494209.916954,11862267.7099914,12203860.5962429,21391054.6703271,1250729.59286582,886250.352408251,26613442.4625842,14570806.9008387,3294570.20319478,119254452.68074,2018079.91260295,20652.3109888152,3752018.09207755,2107206748.24818,18433063.2332953,28958925.2533579,2872435.55650872,2092817425.86609,332567206.4532,61764242.2465495,20652.3109888152
"MSJ01_HG_003",862449685.908071,45855553.491258,256003815.408212,30098846.5924874,75225523.3118819,879061923.899779,917249958.955225,166123881.544599,94848273.8991986,4589457345.88519,96295700.2901234,3445870933.03462,35635565.3312304,34913448544.7897,736043576.812803,697113377.071164,21074.2431391714,54212107.7304513,10562844.6088632,304570076.692614,393024435.697803,253329028.528469,373789189.734724,21074.2431391714,8218473.65119154,35263307.4649242,58843534.0534677,597820398.796337,7259995.28981061,1039822772.14347,573638085.809871,39875416.7220213,7081222130.36152,255626434.627724,284655.915178892,117179185.163371,21074.2431391714,5500974.75228904,10548426.6106511,48200072.8035385,11439494967.7137,30690688.5708693,12029864.7155055,15455766.4907971,145499717.624498,13116973.4922751,840723.170131968,223845156.827572,21074.2431391714,79865075.8202343,6266466.40380664,173222647.017182,219767462.820871,116402648.494573,117818734.014663,21074.2431391714,1989210690.72854,28254499.0799776,19911153.0956098,9634967.34244144,7740031.91505062,20111865.8070497,1718546.8705637,97678695.1508409,45471598.9712676,53972355.9361748,17000477830.3091,21074.2431391714,583474772.235174,10767312.3791541,21074.2431391714,240134946.896208,1339151529.34543,1175599300.68547,21074.2431391714,335058460.409416,514479.535561748,138577594.295963,195769416.382478,178170476.659873,5039083.82435321,42100830.992722,27840456.4648319,14948886.8264462,6096449.76860519,607620553.115921,21074.2431391714,14718670.9936353,13051056.0094105,774761313.045915,1963384.9364289,8745400463.88922,652918367.146941,40984841.5452978,60874714.1830119,11869210.1513808,26074229.5449068,3617913.17983436,11302758.8531468,945602.597878653,2670516478.44181,12030449.8339617,10436335.4870279,8851549.39458989,7780508.27675437,4589367.16403948,12042538.5960951,1627282217.9365,37575661.9098545,21074.2431391714,23202368.0407033,13674739.3220287,12901506.9227018,178511389.669442,16811984.9247774,16037589.2806189,14888483.6919032,219260910.747626,2767856.94078658,14584222.9667118,45608588.6793666,2423218.06263013,139495282.200612,11235745.3839857,29425140.7940399,20551178.9494689,1551796.79119507,879770.60353982,24210662.5729249,21074.2431391714,2512013.67484284,61103691.8669733,4428078.44145007,12267983.6196553,3397534.70916688,2168347009.89763,8821339.16696565,42034299.2755216,5044012.34007719,4710329271.21005,321867377.320116,49837687.2493498,17490787.7143705
"MSJ01_HG_008_b",423572586.620372,108710226.582433,514989418.631257,17624105.4764219,34596136.849826,868943032.865632,1447805864.69665,87807450.5763707,104130607.276741,5303264106.38144,205593279.113619,2568483204.32556,33471674.9303799,26801460926.8972,310925709.854649,723103517.363116,19365.6912300549,44585104.5068086,24597102.1831336,236151451.116058,216801199.185863,469537657.013736,164221630.299286,19365.6912300549,7584186.89087208,29909773.9892437,106028028.097169,449720271.042368,22431782.615753,678454634.233506,407421171.85702,19365.6912300549,19365.6912300549,170959833.485727,106759.983114728,89107666.2047778,4078816.9111415,5647745.8339603,9206041.95632856,21587350.0999541,13873729168.1605,19365.6912300549,12708504.0098695,15362656.0081732,189274553.889907,16371560.8554009,640836.313127048,233824721.963341,57507913.1344734,32993970.6694068,7437834.66878153,110448687.901089,243348586.076878,200710536.821129,497425094.858776,19365.6912300549,1446016816.13132,28632814.0560848,10851857.0205377,4603382.23926581,7292355.12578022,14264565.7040179,1386202.72833525,175179984.08593,62994680.410869,52616895.0989523,10431609853.3663,2985259.69304073,807531557.805381,15530571.479461,4499612.23779305,246147557.652906,1291035612.93022,878276624.695808,19365.6912300549,85434366.696264,817971.907258288,187507812.880826,109418089.985211,100240219.600393,4154153.35023275,56812356.4906288,29858405.6630629,20945830.6860995,19365.6912300549,633192980.194308,19365.6912300549,5779095.93302493,8572206.49505375,427400436.87685,2789180.96729116,5271865958.59496,323885452.596304,33666322.0060569,11952071.4982169,14597108.909474,15571726.2065598,3446595.90807329,4399533.71972954,1919082.94202156,2600245838.27481,24023096.8799416,1857599.93306368,7104193.03249575,6006565.48347591,6769019.70920619,2863759.55833857,874070634.371017,16026206.1375807,19365.6912300549,11867419.5013106,10043910.9983207,20706658.9720474,145403175.671419,11316711.6173318,3729978.35533776,7987287.52949284,115186807.656652,1931318.94162176,14358196.2558381,40528168.5531024,1635604.42680203,66526509.5642028,6406707.64683688,10791251.5637243,12363174.756868,896739.633198675,761184.662492466,21737053.6444473,19365.6912300549,2466927.0742764,20867179.859944,3014496.01591866,10304941.6907268,1274693.76036058,1899394213.46768,2266047.7639667,13850375.4588069,19365.6912300549,3041680818.9639,364235101.79203,65655741.0320365,16913797.95262
"MSJ01_HG_014",445518826.977561,146710720.006878,392156731.118543,26913535.6927416,26945774.7583846,908842803.976171,1005754886.43293,92016771.6289448,66503645.4404893,4127603156.74978,152787594.691341,3036611597.88723,34037873.8221494,31853940662.1862,518143531.609704,739198323.150385,20363.0809288118,67795853.1662964,11091468.1450957,142938346.64503,134830602.832101,190142628.064951,135916483.442633,20363.0809288118,11377821.4122847,12610947.4985309,62141031.0748511,505235313.827919,20346552.0496495,993076883.566946,381997327.765101,54519367.5243099,20363.0809288118,175643438.309106,20363.0809288118,124185139.878678,20363.0809288118,6895400.30442351,8614987.19685227,37823509.3647534,14799568741.1231,41483700.6920475,12075691.9324471,14681458.1911848,81083839.2151318,20363.0809288118,718085.114669392,221548790.643738,101782125.1166,31269752.6996254,4532013.17847933,176481545.460602,196630864.138355,126769592.106303,277586577.106035,4344480.48032053,876381223.516091,27928688.4728796,17007481.0753119,4412106.21648116,6412952.38392576,12995367.6156768,1642585.50170119,64722750.9811688,46493396.4716005,51329461.7490917,13458743714.2528,3904059.07404578,2029087088.96714,9166676.53668417,4624327.02869979,269689132.786973,1240966014.33778,1390790851.21485,20363.0809288118,118466702.402791,20363.0809288118,155017738.415463,87777318.3609522,63857453.290786,4069626.52579688,37815741.9225086,25578867.9436714,7904769.73917241,2326713.34035971,513939254.639123,20363.0809288118,4434702.43844264,7969893.42617301,759774486.756551,1614178.95815239,3705004228.27873,212661332.652375,21759501.8758118,14776359.5350946,9324266.68961982,7230144.87948907,2115424.61316283,10713248.6920168,1613786.11241128,2686351819.2285,18060166.5151564,20363.0809288118,8489437.73638905,5891575.65911534,3738152.97663602,1324659.02382211,954188650.540691,12347387.9705227,20363.0809288118,11304423.0599212,6529292.50401028,20363.0809288118,218101714.322971,15746680.2692525,2248786.86200012,15025849.6840131,209739531.16472,2887876.89387797,15561212.7249812,32520025.4269071,802739.703537644,253553654.240423,13090090.5003611,25581997.0382646,17404487.5570998,1681588.9107024,1004641.88473508,22773026.9175258,17715172.7951272,3161141.20307964,50571887.4418233,2187934.39065817,15554962.9881108,4165694.21272167,2059305133.8958,13641173.9185634,44568571.4492199,7045981.14264372,1732963359.44989,305102671.805472,46466573.9735744,24189871.9930956
"MSJ01_HG_002_b",403405604.592056,44847579.7849646,586847271.5433,31528895.3035409,22525724.8469749,1389975207.03165,1270811897.29482,48517730.7684003,110096571.94308,7976018912.71795,108223304.351077,3727420324.86478,27107463.2402354,24989479101.402,809471479.091806,588633816.201534,18513.5420907831,39975882.3866599,18718994.9885896,78888137.9424649,222639192.491673,518913632.536927,90759340.6046363,18513.5420907831,13298407.9961201,16284178.2428381,77107955.9768685,377557475.394286,69486913.938782,1120405690.1872,1151161489.76467,18513.5420907831,18513.5420907831,198679397.246987,230674.009808329,258891973.580315,4761751.40705515,6711859.60343654,9138226.00337909,28052135.3244018,24661751571.3032,18513.5420907831,13526470.704511,23788073.2952882,107411335.993944,22004749.260993,612637.572056663,378573524.43626,67020187.8326831,26833436.7660898,5235178.55647057,140569295.389947,196260182.034706,205156060.878971,189190743.372839,18513.5420907831,1498073503.19988,19272731.4517773,11579668.3731796,7297864.93996878,6971469.38667198,14859180.585082,1403926.91432542,122986708.826571,41521684.9639768,63164658.8564939,9474932210.52062,2412515.1885048,2585699642.22165,11675983.6332776,7265727.34971079,204216642.235872,1091765463.40372,1405328692.96375,18513.5420907831,67110432.7041156,781978.662894414,249293246.944679,43788683.8578474,49950848.9628597,4907469.21438692,67053148.7485056,37672573.0492718,10983988.1243181,18513.5420907831,867795164.139781,18513.5420907831,4401987.48830756,7475343.76446585,966326289.461509,3759838.32863391,2880615198.16948,212349580.099338,17370238.4408312,9222528.62268729,12239269.5009232,12047194.6192205,1618515.67871465,6128126.70452224,2135509.52359752,2615989196.65196,16652146.6712225,1630565.64173452,5514040.34439444,7602412.83989121,8770235.75218298,2274640.2735184,318668783.568981,6404416.01420455,18513.5420907831,4301238.82416971,7574547.19069709,12825879.0616722,174853086.245507,9802093.86518149,4121403.44836591,15693146.2928218,66000279.0457443,2131783.45862319,14056242.7345733,54199968.676823,1173046.08953444,100684686.850489,8840643.487837,6398272.94438509,12373795.3341186,739237.055102073,652542.975450837,16681360.5027279,18513.5420907831,1674234.71701481,14258546.5704868,2502829.83990608,9851493.00729582,845239.102887899,1860167973.54168,3053565.84925058,21265983.5982589,18513.5420907831,2736971187.64991,275926807.006986,61841261.2587925,5093098.4520751
"MSJ01_HG_007",517221930.26944,46923152.1272916,346339603.820973,28262131.1066155,88028829.1192565,1064831941.45172,1178642007.53905,445492400.276222,86595515.596606,5185848707.92726,135731727.82923,3388420200.74335,36101943.9932705,33316536182.3064,622259047.992169,1185545909.42579,19380.9165298889,40006038.0250021,18725704.127637,123437390.126969,261392503.681438,319560195.255087,467737006.242216,19380.9165298889,6657884.56601423,48495711.2869202,58219440.4807177,470902202.427867,8777689.29886392,820804553.014305,542098130.627385,58480864.0599321,5894815899.9951,145185356.66439,276562.135001679,109039368.584058,19380.9165298889,5353138.43233007,7376880.17182933,30044601.3438584,12062686799.9008,28224675.4727448,11826266.4920721,15662617.3552429,120547019.85836,10547083.338559,773170.617680929,255331831.532522,19380.9165298889,193108796.956604,7353761.74009703,136745696.800719,180507814.90189,144008579.402329,516933695.462481,19380.9165298889,1356445244.24951,21089352.273099,14090239.1413824,6003964.05902421,6943681.89994518,18494639.7176428,1360927.31545184,106588065.034262,41817931.8859927,51537238.1292038,16178363485.492,19380.9165298889,445646567.328316,10342986.1766854,19380.9165298889,323138390.641707,1446210149.0338,1002371040.81457,19380.9165298889,471897408.103338,921480.197673491,227940675.5831,181719294.931644,198933616.597749,5972643.74795309,41609839.4707216,39390786.1370615,32861527.9566661,4034370.92115594,450982935.645868,19380.9165298889,14792080.5171373,10475029.7060175,676594159.559858,1879815.13817739,6010816487.89626,735859792.108849,22861554.0183806,19986352.0877004,10843506.8348384,25066170.5127321,6705949.14462593,12480321.7611809,1693958.39463218,2802535744.29324,14458476.7095057,12337228.2488559,10938827.449605,8903199.61394679,4609046.65408421,25467848.6910498,1700864189.6588,23334067.4596452,19380.9165298889,22603918.5827503,15185696.5751806,15149682.5654172,191368675.96472,15013028.3834197,9530086.49284268,14886472.1143,249914315.393758,4899215.27940753,19559405.2780754,54816285.3712566,2164968.48068208,212014309.696865,12241052.9565935,31137888.6866246,14207317.226328,2105199.17142764,1784195.53308244,32543379.0412414,19380.9165298889,4190026.1040651,54719499.3858807,3503464.2516541,20008336.9482701,1445270.47101585,1995736046.80733,10546154.6374208,52792885.5845762,5270594.26393251,8088538235.1135,476243501.464951,86121617.0934634,8334508.26784609
"MSJ01_HG_016_b",254443203.439994,43019366.9661017,210593401.232171,25595302.7912024,28379560.077473,582147646.688728,670781060.161461,97706747.2355075,63246277.3082305,3810222195.56082,28846496.8344021,2140525615.4863,12804517.5899812,28380373195.5468,398467455.766116,431176273.635008,19365.6912300549,55998960.7082556,7944612.63403185,92531638.8203417,128226560.211437,228023397.697861,183987825.068819,19365.6912300549,3532169.7883997,8552217.65429311,61540189.938302,163210619.201434,31431247.8659296,560278626.576496,263523275.780591,55684617.0238778,19365.6912300549,52307725.455675,19365.6912300549,92872152.8669973,19365.6912300549,4049823.78321304,3554384.93664166,19997532.2904279,11055644248.1342,16514549.4226032,4313884.48330833,11909437.0975065,97986253.5612669,19365.6912300549,598741.293565291,197317240.38606,76793196.0706706,44184030.4291612,3425687.60660304,60659349.0943705,121346211.208876,124637181.3518,309122912.173045,2409763.64142397,734029865.622438,13328945.7344308,6279187.20863984,4046394.45011049,5471153.69393566,14611788.0679277,1058796.55644144,107853477.889519,33168203.2596429,28612272.0727493,7560332767.10685,3030582.15985785,312846590.176228,8717690.02126014,3964967.6821162,230690811.385024,624698835.584599,1215454081.83914,19365.6912300549,100941171.863284,19365.6912300549,102671148.599157,73451893.1555133,60758019.8356944,2868149.82494695,35963515.7502406,15137799.0055411,7276176.39584046,1850450.80037077,364511190.94702,19365.6912300549,3153532.26166617,6472851.49352715,505743204.269761,2122062.76775533,3707964351.5417,251312567.336479,31166753.4395604,5651918.91586222,6965302.58170997,8486910.83232487,905334.212956334,3185378.4024052,1330042.45634799,1556168131.98265,30309694.6943048,19365.6912300549,7041463.41222204,8581953.67387832,2537768.78044868,1740290.62963692,966048647.244969,8555686.01341939,19365.6912300549,12274927.7400186,5961083.61050887,19365.6912300549,125514766.901465,6760347.24623583,1558294.53495216,7812860.66266952,139740849.430196,2570371.54146947,9559378.3961474,27613274.3991592,1711898.62039596,40717288.280535,4572639.26777324,23223055.069525,7189109.28688975,320417.135699352,962346.572384519,13420936.9025746,4727599.43271626,2194985.71535963,54009883.7209592,3679590.48345597,2915069.26557051,2889417.76653863,1895223694.11777,2314543.97354906,11954943.4529281,4092047.65438735,1823269308.56763,248988383.555188,31430213.3089721,21085512.4988317
"MSJ01_HG_001_b",374632567.79765,36415720.4804795,818113013.759516,25760241.3740283,60203195.6551385,1115625958.35734,1025084998.02699,126918412.458954,92596227.2019832,6551719183.48539,76117836.5015817,3206874847.37823,21536158.29077,29274339517.6563,642245126.940116,585391147.135693,19384.0690987039,36799611.0331733,14189890.5635436,73774965.0818404,372744287.97621,409578979.407346,263054419.821557,19384.0690987039,10134588.4632221,16366714.5768437,56015082.9245895,286013456.365072,6677736.86697091,946338227.958115,876791274.365912,48932795.9127163,6115536513.34951,143743676.603079,276607.121582209,200718120.409965,19384.0690987039,5020406.60022953,5657164.43984047,20069327.4287263,18313243541.3428,21246144.7557644,9596851.34115455,18966662.4012804,120566628.465361,17889335.272708,884692.239442261,328847935.871539,19384.0690987039,67736710.5841852,3997705.70427273,110266236.591933,161870726.262728,141093648.881046,186506342.646261,19384.0690987039,1111259654.10295,14022593.0548266,8133595.76324878,6290569.21774452,6217014.63938077,14957218.289259,1466889.72673836,95726890.343843,40134101.1884836,44421723.7453861,11116503259.7635,19384.0690987039,783983655.717983,10124216.221986,19384.0690987039,318323036.563233,793619819.556557,1251159297.67798,19384.0690987039,78413210.6071049,1370042.38295434,172434238.148082,144329355.870584,135635307.574157,3929803.05564252,44508910.8400745,30468116.955745,12919321.8865809,5900497.76948842,465098442.139683,19384.0690987039,14794486.6495653,17514399.5174698,816904273.712278,2439613.5484922,8241008173.23905,564053147.56827,26659900.498032,10086840.0808191,9490019.84439231,21133842.3591324,1536362.34543832,5980332.93253825,820756.983889108,2145294197.96162,12478938.4111494,9599331.60502381,5922440.31422554,8053941.50648234,6177024.06994342,16754726.2462394,816414478.576562,21935439.8751583,19384.0690987039,12094542.9529668,9962104.38499263,11866793.9823765,149741559.654779,6824483.11845409,510059.615354914,8785414.93993033,104968413.224688,3722942.21230656,11256423.1324027,40074355.6163905,2432529.22180535,59765368.7501886,5301703.66529265,10549377.6500233,8694420.00658928,1496444.00928297,1094194.04574394,14370122.7099572,19384.0690987039,1175402.44210837,30786895.5717927,3169195.90653656,12493192.5727416,2120863.30296632,1675726384.21907,7952255.76053872,16740253.2245727,4084473.77865622,4495483848.93373,298793052.491416,51001556.3011679,12211937.0721389
"MSJ01_HG_013",393673692.104537,136221917.111611,179764867.642041,19467.4512385771,69758896.3540941,762244565.306186,864899585.2149,180539241.647566,49577142.3455977,3936765123.86542,125729304.77566,2784087542.05778,17114276.8764682,30999554963.7817,529196370.559635,707029926.220646,19467.4512385771,51887359.3402051,9866497.94405118,116106712.051719,153039067.957006,380235084.681073,176245604.129665,19467.4512385771,19467.4512385771,19467.4512385771,56259645.0821655,464442429.849209,19467.4512385771,862109898.861775,351382035.563913,54797810.3684932,6184139646.38984,149132517.791461,230289.212684945,128532851.833576,19467.4512385771,10909793.2799548,7329216.82551205,35614637.9670857,11113818355.1797,18116246.3699825,12359667.4814638,13155552.0740808,89315094.7146419,19467.4512385771,746304.178358082,183531506.681342,85469222.0197113,68850829.1763767,19467.4512385771,158292814.692593,191386152.118894,118579789.956425,275877866.060037,19467.4512385771,771032786.394322,25604349.8538961,13813927.7351055,3784850.70812464,6006396.69036488,12629619.8836621,1364058.32263154,19467.4512385771,50192270.6541047,44575136.7073086,14048820868.8778,19467.4512385771,1465306836.97827,7303422.65043395,19467.4512385771,207318357.250719,1095017439.65184,1281731837.91473,19467.4512385771,245785944.067957,632716.206056489,136004096.667121,75393713.34568,124962012.871915,19467.4512385771,71524117.9556756,22056641.4981636,9388533.39999752,2838121.13461136,435943927.094827,19467.4512385771,13094104.3639065,8273080.74591673,657972606.20518,19467.4512385771,3692128611.73102,205999241.166476,15456088.463612,13776838.2072005,9773946.70501927,8387976.98898025,2664192.2920463,12801645.1342305,1300142.31916472,2185421024.43229,15003225.3751839,2879397.83728339,8070164.62368294,5421238.60015806,3999485.36420037,5733755.56819818,874092881.523098,21280138.4033121,2403236.28632492,11488150.0835766,7769281.47254146,4914715.97245114,184788060.105839,13228118.1098875,12004120.3351224,13679294.6919306,207269298.532945,3017723.63103849,14561739.1644281,36091993.9265132,1042240.34626649,247054835.758833,13025166.1380368,23860971.8324449,13797140.9484611,1688281.18828747,19467.4512385771,20520713.5115042,15177213.3440296,3104987.40338221,33713791.0071068,2298620.98596424,16054597.4619388,2646043.87741627,1949800126.62672,7890143.49791358,39155376.179929,5262156.82188091,3690097117.53413,320586452.630973,46883031.3769269,15742599.9948884
"MSJ01_HG_018_b",592785977.254206,42574463.4604647,1177826643.07058,50021140.8038019,61404906.9353016,1045639227.06204,945129302.949244,121794520.769327,87262552.6215583,5207710126.88579,202053299.543677,3990551624.80746,97192334.8424194,33048782645.5666,847668753.789199,771598234.670352,19365.6912300549,57053522.0871165,16802678.0988605,413269129.542148,207258494.791892,334837581.010242,174257482.972584,19365.6912300549,4473453.48540476,30470850.1333075,83414695.1739288,276405698.254322,32696004.0613505,569175746.970741,613948092.266744,19365.6912300549,19365.6912300549,149615122.03319,19365.6912300549,99466283.0051671,19365.6912300549,7141533.45418806,6688371.99853316,35564773.8446095,18372195133.3948,19365.6912300549,17145660.7394217,15310400.5825933,92664162.7496111,19365.6912300549,576327.53009726,268783256.969019,55192532.2553475,45786121.513673,4199564.92769262,103819238.133745,120380307.50677,178097407.077977,150256640.368417,4798488.89052129,3696259696.84399,24570445.2117114,12103996.159318,3210231.2060699,6480586.33744266,21719323.1439383,19365.6912300549,116359820.112728,67485837.0979348,47649784.0844941,17913163988.8563,5317993.97998909,760061393.62053,10664687.6762564,19365.6912300549,323362159.620701,1267763593.78607,666868026.478988,19365.6912300549,176059991.332759,1236776.59724878,241189626.841466,98284224.8064321,133990011.508122,6539783.32563207,118504621.033654,27991148.6587073,10107875.9716539,3200457.12170636,688644577.572103,19365.6912300549,4955073.35919496,11936691.2462002,837196605.065452,1863075.11514145,5422044231.7955,378290191.400793,16716010.033544,13576360.4773622,11202369.0927079,19210873.4510928,1852026.27062757,8971205.65802382,2371988.0847984,3215870616.04121,20248681.8607645,19365.6912300549,11815010.0490406,7421875.03747541,4982404.97014635,19365.6912300549,1145149210.0725,9503356.42032943,19365.6912300549,16687766.3574313,11934855.6924071,13432380.0611605,250557158.634842,15347283.1381026,819060.469927378,16748737.0123352,229208371.198579,19365.6912300549,24873667.5384855,19365.6912300549,387298.355806626,141325481.10755,11095109.4259437,7134124.55986531,17431554.344789,1088024.35468318,797319.837090441,27295602.0346623,13187264.1168811,2641460.19922245,130816497.808745,861031.037533958,19365.6912300549,2162399.35392432,1925825623.82187,10044692.8164333,26360953.9736069,5551344.7241166,2675041870.40801,268635742.643999,43885442.2280619,19365.6912300549
"MSJ01_HG_006_b",438451674.11642,92740261.5103797,1040654971.07251,25204857.4125877,28846672.8053375,841868761.255324,1362070593.61187,83094000.6535382,110553158.461025,6152977415.17297,57648873.2070333,2673060822.14497,36405375.1627224,30426985221.1543,696198479.586882,451854489.988757,19164.0893471851,44120961.9719648,16602533.573888,123143160.38791,182972109.884697,500898691.883063,137174906.190782,19164.0893471851,7505233.53263288,19830708.4065451,91631089.3126354,513281971.732288,27285757.3073035,753543386.448701,542810687.177497,19164.0893471851,19164.0893471851,130254019.003584,238779.662603899,226449469.429106,3143636.16807777,5335011.31026155,9746735.37718947,27491461.586146,14504337259.9986,19164.0893471851,7885101.01126367,17836879.7717087,75320736.0138832,11426624.2613874,579055.979697043,173527982.043724,56909240.8004939,28901078.4929273,6380219.22712226,171809315.549639,134948437.384414,203432557.326227,314009061.124154,19164.0893471851,995602319.330463,23674189.7297672,9916107.48089933,8259002.492784,6773356.07869108,13952157.698066,1183536.78019436,137946029.563601,40241003.1649776,46296799.3392745,6160631564.83922,2954182.36314721,619153580.692239,12086265.9596513,2480549.44031837,289189790.402571,503838723.436081,1222145180.39344,19164.0893471851,58100763.8419087,1403711.33572858,135753346.963201,85498321.6312474,74458255.2211953,2704218.94363348,56220925.0822313,29355621.9618379,14510749.2070015,19164.0893471851,562670960.932228,19164.0893471851,3394403.76500485,9411061.08831693,661937406.56483,2760144.86793428,4308590221.25655,196255019.700234,23560936.3303453,20303667.0467188,9786835.0812615,9610938.95549157,1283318.9879614,5980799.62239012,2261177.03199773,2220850705.36702,22592295.6037444,1687862.07908898,7805365.12456299,9459000.0658324,2858652.20257263,2354568.84591058,1322377144.14208,6174939.04653779,19164.0893471851,12111570.452024,7861394.6665806,13276567.5573474,165990055.507752,10488670.2202643,4266225.42207104,10673438.3644442,148076527.446201,2206692.18616166,11989372.8384357,48105380.4313675,1144802.42330065,57910815.6541903,6712312.12495572,25986956.942101,11216076.667353,607350.889468838,675472.67957133,18984461.2559577,19164.0893471851,2030274.37129716,65162059.6080579,2687855.14970023,4080615.80048001,1107887.00989978,1879621025.65847,5193902.93803608,16767813.0219979,19164.0893471851,1443166172.43317,313862918.551826,49934146.1901675,16737720.9165246
"MSJ01_HG_014_b",432933037.564403,150753767.746147,2003259218.85325,26153235.4044455,26184563.7249831,739955417.491025,948427532.857248,140442897.270434,37836727.6049992,4275684501.94595,139121872.198296,3175994873.28818,38114655.6461082,33746722865.0997,728126200.007046,637551407.665414,19787.8292607469,70425130.6744135,10734992.5270852,140850864.245036,131021673.846527,167462868.413404,139902809.124987,19787.8292607469,12000370.3362641,4928376.41201701,63043948.7285204,507630440.857861,32116393.824248,1003110186.89154,416861568.999574,56898443.8008852,19787.8292607469,186451729.71658,19787.8292607469,136218872.338876,19787.8292607469,6711930.00807244,7727910.32238301,37517282.1026342,14543228512.1544,40746499.2773953,12053775.6282088,14345010.7280744,68293496.5142252,19787.8292607469,460649.254010291,211555008.484514,98527911.1571282,55189781.3704873,4696174.06342091,178846827.426163,199118964.494491,112826479.843446,336809245.689177,4221750.05205594,714301522.656719,26760908.3812989,13864699.7819492,4633074.63811646,5590415.22808564,15603616.7358022,1679923.51788284,110204494.138756,43019082.7452267,46797625.2966598,15624144640.1084,3096643.52423752,671052769.279053,8907720.34106854,4051397.00855761,286106051.755518,1284973014.94622,1437960612.4207,19787.8292607469,175343740.023012,19787.8292607469,151026663.717739,101552371.271391,80175102.1903034,4703760.83556401,36747457.1822926,24453311.4377947,8770424.14943469,2645516.96087336,264151025.251008,19787.8292607469,6147200.62361223,9012781.65176003,770565017.308244,2168320.00624702,3770980442.33395,204902222.330393,21144801.6841227,20002933.4715914,10247193.4602178,5240515.63374507,2194017.15837638,8566889.56252626,537719.190963315,2623048673.57002,12224536.4997686,19787.8292607469,10107174.7019116,10579983.3981671,3464778.35131001,2269214.05746991,1285848364.58245,11888777.7799761,19787.8292607469,13571609.4630083,5361251.99207839,19787.8292607469,207430194.040167,10261541.2992062,3913413.10193617,11991824.5059126,188355963.786265,2626401.12325783,15173129.4397708,33217853.8827493,1172782.74853808,62787599.5037435,8967495.91966421,23658524.4233585,11130635.2936396,692537.74820743,983324.036193253,18903951.1105984,17214723.8337898,2066823.72773927,114366916.688784,2650544.5431764,9844105.252571,1856789.5411387,1898613737.58541,6319750.53984976,21592942.9259574,2440479.15038318,2354836297.94936,310819052.217769,35557550.7377032,21545139.6103378
"MSJ01_HG_012_b",453328838.969705,29340505.2733624,830300717.104735,36147538.8475735,12984437.4649839,993064518.855254,1323537401.54417,56299449.069881,68997171.9631409,3646443174.25026,257784304.755417,3414789930.94251,33106884.5738814,27932204118.43,820572931.571775,455023456.506291,19625.1742194405,56749296.8338523,20478737.2748105,85812445.5644081,96735992.8874918,358138883.209201,49617206.8767978,19625.1742194405,5351190.05273978,9052446.20275991,53380804.2589279,484873082.156937,27770300.0539701,676344098.116462,583118065.365974,56430741.2244805,19625.1742194405,202714953.288365,19625.1742194405,95134086.5562779,19625.1742194405,9490962.51374178,6004534.2319691,75349338.4236604,17471239232.9166,33262320.5860274,11666136.4986848,12580328.2957435,44464176.2687421,19625.1742194405,607959.454895203,177438145.006142,77822156.4028462,28203269.1392765,3292090.66513984,292029278.446182,251445511.762412,186522719.588272,313264883.476074,4187047.46189033,1398869435.109,21961364.4547565,9678155.98727816,4100612.52658783,5669765.58142764,13942566.3246154,937155.007782561,151187484.041192,42665467.8747583,44711082.9628006,6987462509.51795,2319703.16380982,1672984833.91556,10456235.3687432,4018094.71253047,199055865.521461,1388096614.49659,433873167.205822,19625.1742194405,82559548.9649442,19625.1742194405,161798666.076288,45162400.0769541,37405363.4163726,3708915.57208613,45625945.4888431,23216372.5427784,10860038.536451,2242399.11548199,1111671746.13096,19625.1742194405,5125594.40076116,6164012.1165957,776111846.377372,2833170.63281686,2530157149.77658,169437676.507712,11230149.3663067,12054036.0591879,8271565.44106653,5264167.98392645,1226112.28638965,6553675.33237248,661841.99530197,2616801453.40588,10759136.027806,19625.1742194405,7392496.45772131,7474759.2845718,7984672.23315968,1763608.97183361,742648808.213385,7630760.05330982,19625.1742194405,5693294.62995881,4759253.97444571,19625.1742194405,177338368.350035,10456011.3276736,533312.753680283,10847419.927759,107412979.802522,2604812.22749966,18088068.4847372,35238535.47625,1304239.2214166,85358712.5234014,8489549.0771244,13945506.3936069,12702366.1341636,937344.379076924,975241.158095961,15658755.5056266,18699682.2916079,1342758.46733512,15736891.1402429,1751800.33476563,8539696.60723296,2928133.38741363,1915154991.77156,3310998.47915605,20131620.2077591,4146877.44308194,928662898.229917,208117973.277722,20209085.3396136,21368039.559236
"MSJ01_HG_006",585735479.079964,81859454.2177605,276396922.365557,25600789.9151774,43286832.5161919,1098717533.49832,1248165202.12891,83398733.1052731,102954245.765839,6450785709.17821,41316807.8807679,3204591588.34518,24173516.115587,31311350492.0584,626438740.934206,557638311.877012,19465.1299653041,44814039.6039574,14639264.1029847,112115007.422822,121527547.571138,508767098.729204,96818817.2405142,19465.1299653041,4929803.70322564,20142220.6630521,61366931.5586941,621125788.451925,12936322.2366887,935590437.040327,710318262.926556,19465.1299653041,19465.1299653041,124040107.092996,229956.085079134,181020710.269988,4099760.77470611,6850771.66570896,7337932.78940686,32283987.9433335,18290463708.1079,19465.1299653041,9692953.06380619,16898393.8407233,42853225.3323769,14624972.1551423,700101.61805437,162902639.002114,64996698.6763013,31830446.8315588,6249888.30944552,198957103.390313,114156453.034988,122740892.384001,383295268.191593,19465.1299653041,809269946.702345,22134875.3781251,14086698.4475815,8797152.67501042,7779843.77892937,12244628.8476639,1331563.35085633,115929892.557698,42466024.5038252,55210368.6926913,5988526121.63065,3464659.34032148,1680131032.1587,12276124.0274847,3548539.75766325,256218618.761593,592231179.089065,1536678429.08922,19465.1299653041,99528474.0347766,822172.020280892,160401844.416731,62015993.5228395,31700275.384143,4092840.14291685,43708500.9545673,34193498.8155039,14738692.4623008,19465.1299653041,588334082.200077,19465.1299653041,4628247.69811106,7147160.70130104,776662381.596333,2803502.82260082,3009499767.83863,136352508.506042,11916821.0175945,19557673.3278866,12259169.2986439,5770960.72707808,1660806.79555546,10896482.3811201,1217994.74379894,2182316652.53973,13674269.9465171,1714375.99448476,7316556.26658414,5768156.18737831,3108659.45282915,1531408.00860212,884616556.849228,7285688.99561003,19465.1299653041,9045568.33693853,6390056.01933272,13485123.5722748,160971083.163557,15128935.2160512,4333241.76262487,13873437.7648594,172286102.823869,2541476.5143499,13438477.9914816,48861047.6168804,893231.86585112,207995662.451958,11555947.6768584,26945101.9151775,15730360.9213726,1514000.85101258,964196.816763593,21617756.8936003,19465.1299653041,3513253.45409271,22255567.5533721,2134370.20784441,16570994.3031137,1475389.79898745,1862514618.77511,11589162.3055934,38646012.6009462,19465.1299653041,1435164667.47404,336575187.699513,41802467.35808,28646412.0075292
"MSJ01_HG_009",708482599.572637,18983222.1347215,312161241.129473,20388.7735654492,34992597.3143609,1018947850.36699,817735989.345932,180374469.587263,61447554.2967355,4133649218.29163,88165689.8393333,3312673398.53649,20600485.9297753,32157760204.2578,463738765.095437,577228384.967292,20388.7735654492,29272628.4392052,16261920.9564252,71881158.7043093,278086369.654162,385944341.722128,254503876.535225,20388.7735654492,20388.7735654492,20388.7735654492,48045367.6015846,377479603.807947,20388.7735654492,721105239.66756,498648212.84358,55304129.6129484,5277122778.31985,96401634.0736328,185414.813680081,175131623.898677,20388.7735654492,11426113.3676334,7308417.06039009,27379596.5532485,14906424780.258,32029797.0658211,10648958.6622455,13299705.9055253,104752085.384108,20388.7735654492,685715.791949943,217084338.385835,85756893.990281,92399086.7687763,20388.7735654492,114666949.310191,128134961.190387,132315343.268397,352262594.996674,20388.7735654492,1527431320.15684,17168660.3332347,16298237.3478174,3769812.94229649,4424964.28526214,12720866.4680928,1085334.06848689,20388.7735654492,40332021.4593687,37828527.354024,11783167999.9914,20388.7735654492,631152709.017322,7485497.65324778,20388.7735654492,277868211.779338,743076124.540471,1025384195.00346,20388.7735654492,168227474.947733,517205.92701143,173920452.619515,133931112.386015,99217560.1544955,20388.7735654492,25381512.3913095,29643578.5522742,15796858.7368699,7040117.03228339,544811048.025247,20388.7735654492,6944697.56664514,10420515.8391657,598512887.071591,20388.7735654492,5916532935.3081,466289694.29161,18736603.6504113,16936074.9254355,8508567.95973902,16961121.403185,2582770.3665996,11193508.2403186,1235576.09773498,2823071963.06384,24604990.0154195,3188970.16296891,9725330.42473491,9139535.40492682,4946354.29191305,1325719.70448237,1388946838.84488,23440773.0497789,2916819.92757256,17305233.0135183,11994517.7912309,4253005.86666626,146284531.643989,12998864.2604964,3084496.63763843,14158885.7733183,219905735.188293,2979972.11580807,15356767.9788223,48607255.8987546,2108308.26492288,134766402.734424,10965405.9196878,28914542.7583403,13625689.3113396,1505076.62036418,20388.7735654492,22566374.2549035,15895494.6096247,2986865.94818544,35144810.1128446,4009894.00446934,17327981.3673934,1195693.83370622,2021015393.61618,9227625.57141058,38463345.7554052,5885557.14898305,3501730603.4098,294102188.593152,49302109.1243323,15854219.0033334
"MSJ01_HG_007_b",259603673.482783,45188082.5984067,350680996.476205,30372583.6361481,48745144.3987101,1050384846.00987,1025551597.72864,251598283.916059,94514725.3662868,5169773091.20128,127594050.967563,3536126592.48548,32983449.9761473,35072556036.9773,327023787.193304,947928659.973464,20282.1511507408,34920018.1359632,15368854.8866191,157195953.946044,343450206.556555,321169284.30201,165999738.844515,20282.1511507408,6157110.40020129,33937908.3441076,70377114.6046027,471259179.587502,4788383.50779837,807140441.667064,554601433.335021,46052997.3782903,5738859231.9156,139612793.552329,289422.5882468,105028764.223951,20282.1511507408,5027576.70035345,7910728.48134333,26937534.911607,14722519941.3905,36843811.3339913,8141297.08849641,15350312.0869005,131476481.500554,14126553.7774016,809123.929146095,235677197.185852,20282.1511507408,101560730.801132,7097383.1330124,119663191.881598,151712043.345335,149625416.129554,557156722.139734,20282.1511507408,1246478609.50214,21118842.4962619,12852676.1533964,4831550.26136704,7073580.82240125,17667773.8269462,1526390.3828339,85057465.1852576,43762513.1925558,40829088.2175954,16155415593.9929,20282.1511507408,489834452.072194,10593280.6291344,20282.1511507408,198541181.592699,1562230196.25118,956890550.089429,20282.1511507408,271172467.327632,964330.072976965,215621689.156801,97209207.4619869,105213412.362731,5245612.96550133,43544744.2437375,38539647.194843,26230671.8445467,5421052.33754145,321279268.939332,20282.1511507408,16794399.9293533,7707100.59374953,695299590.104187,1459453.33166,4194504448.43356,349950495.305258,18867303.7427455,19780799.5182041,10403667.2320715,11558068.6956722,4545147.09905952,7977022.00849817,2319399.839137,2799248695.43937,8722421.67005094,7177231.86556253,10730647.6406916,10635244.2860917,3600990.44694279,14350922.2661945,1514177626.06652,12063050.7217679,20282.1511507408,16116747.3284734,9010110.6885536,11577501.5779327,187387322.101704,14803020.5248256,23364451.2322341,13513884.8737041,250015917.211728,3895429.60721925,15557828.9590383,37982802.8426184,2378386.54400004,75422432.670551,9060996.76557702,19386776.3186865,13080982.4771799,1000762.36751829,720800.853012717,26384124.5843106,20282.1511507408,2578102.48606218,122553454.184828,2020058.20115289,6470412.46401494,1875061.76454388,1947872900.90414,5435728.62075638,25988859.7679386,2451021.75421035,3971821435.6389,416995798.91634,77028693.0860304,12777727.5390035
"MSJ01_HG_003_b",457070397.209722,45383649.8660017,1346977270.98097,29789096.6550946,47902820.5382592,632326176.921226,818548025.312149,56907452.0614745,82068190.451281,3545512381.51941,109899460.514007,2441469483.36974,27998926.0648366,27476399102.5787,645156535.092094,382954085.165856,20857.3662075953,43053721.6501411,11042552.3411399,169484490.572109,341402462.250285,285775682.718992,259683563.827362,20857.3662075953,8133896.59967237,34900409.5961983,76162857.6889571,469682804.168153,7185282.02531457,890438354.848112,329498268.835308,34383375.1297323,5740616443.89021,200332596.467635,313535.108301727,78919272.4587416,20857.3662075953,5444363.72635205,11583498.6758925,32333416.8342171,10416646142.5766,30374847.9344464,6368388.66143057,12233797.5993234,109983481.91413,14527192.0713298,712208.652476267,162831581.737429,20857.3662075953,29016535.9467657,4601518.71481697,95045946.4588646,189745744.965848,183217337.935547,82467246.8636454,20857.3662075953,1121231321.80764,22594968.5056745,9247063.96783593,5620176.58380599,7274192.19565662,15165934.952138,1578381.50808012,81513475.6983017,46822777.1189009,39301491.0555887,7259015952.37614,20857.3662075953,399686797.692034,10893712.9883095,20857.3662075953,225332508.148097,988233104.866734,821144977.097007,20857.3662075953,53260665.0277613,991679.10383821,70952559.0245523,131913121.952783,113090840.640104,5259435.34226263,44779701.6380356,18969128.4295885,10190572.4883623,5574796.92337828,384646873.504009,20857.3662075953,15918949.9548367,8275646.34984543,484262126.229386,2023020.56660125,7644245383.45434,466177644.023356,82377595.339331,46174252.4452775,9166939.33099962,30475857.7507211,1460383.36075418,4450781.51133179,1502273.03642902,2060332998.32374,33696033.4656434,10328934.2198802,5982696.19415923,6445587.74809447,2858754.58428185,18028178.6680791,963483167.335669,13645616.958265,20857.3662075953,13538068.1660699,11029487.3640043,10096567.639029,121045084.943023,9044201.31018979,575922.137031577,7525931.71026645,110010842.897683,4005906.53574307,9821542.86516471,39384434.399628,2437764.01598896,25322612.2064286,3747456.69363337,14459349.4744065,10697498.8888496,1610182.08054489,1177358.88156619,14959504.1285966,20857.3662075953,2727836.45260256,24738560.9641399,3410072.42956356,13442744.7232483,2282060.71495982,1915567727.72007,8556671.4465079,10698828.7116858,4394916.51277955,1897614946.88908,219951609.76525,31620040.4634869,13140112.2396299
"MSJ01_HG_010",563207739.069349,23783609.2163817,384158743.329075,28129238.6537225,29003237.455294,1188916278.01666,912031431.525516,85752584.5769186,69507660.9515332,4692909278.7097,100608117.362153,3469909033.2399,26885022.793113,33845797921.9477,513816676.330782,504712151.446321,21282.8953323324,61542859.7572356,9529538.12068706,92928762.052633,176934791.555397,413444287.345354,120979574.460753,21282.8953323324,9411608.17892256,11613433.7187362,55306148.160064,414154498.775295,50757173.6206426,835947500.83097,532579781.899546,66976356.1232133,21282.8953323324,107086528.820593,21282.8953323324,228526308.270277,21282.8953323324,6439532.61422004,4824735.16893344,28349708.2324789,19752680346.8558,36006432.9182234,11803155.9355283,14676828.7772106,62679361.3320156,21282.8953323324,812213.137582098,243117676.440319,66466331.7510998,33257988.7739433,5539839.71645186,126076920.268709,152809714.728084,151188836.629243,368749991.482274,5631941.81272343,1612417520.7285,22054577.3972721,14867159.991181,4023141.12731811,5187078.76646289,12117594.1611867,1159255.59053304,118530975.934813,41219076.6283246,44193247.9634067,7584992155.14477,3395775.14314799,1452801232.39068,7822018.94591101,3881788.17133148,243471867.71637,892978275.602845,1146410899.38445,21282.8953323324,53295111.9942612,21282.8953323324,184503973.500313,17727979.4305067,69996609.2698147,3886899.77412384,39523905.0546861,33144051.0221789,15315727.8754825,2416393.71960454,521605926.648802,21282.8953323324,2904151.80653173,6921145.86039013,630046094.53866,2236862.58026767,4210017140.28872,223606543.043106,18853275.3578264,16331040.9445974,10003052.884294,7856780.43688956,1723852.1977555,12896330.7145385,2116733.00177886,2554933889.86951,28250574.6188542,21282.8953323324,8035303.54838471,6142489.91545576,5246599.04804236,1912579.46222539,1113906461.41503,8983135.32579815,21282.8953323324,10698766.2910977,7807260.03751334,21282.8953323324,169944070.873594,15678611.422744,2212595.85895753,14800034.6658043,181937408.876318,2631352.54211051,14587469.5337487,45737131.9145736,1307628.25117508,175387346.130217,11741060.9002285,29972085.0437075,16888910.9404143,1603605.0202296,1065215.58148837,22995068.5494582,18515379.3628259,3172119.47064605,17726707.1518887,2897924.15605441,18558780.6837692,3175470.22546682,1954147219.53018,6797238.21616382,37780207.6542575,3502359.43613511,1197850646.97676,277322688.658688,44665205.7120923,21063412.7454122
"MSJ01_HG_013_b",331199166.969072,149790889.218416,961411289.569949,19822.7769494828,71032156.4812289,852557305.23914,1107408470.99953,313595862.422765,53886636.6383158,4804910490.21937,157764360.374361,3062859655.92476,23999893.0370167,33174455674.6926,775301535.473793,867280106.556353,19822.7769494828,52834422.8575929,13820119.7157957,119865417.331054,213097812.93471,399120050.983733,397494800.703786,19822.7769494828,19822.7769494828,19822.7769494828,63033621.1887115,587121929.81187,19822.7769494828,1008284507.60414,420482649.522107,57402934.7520564,5693113033.4185,224269997.752706,234492.519898015,83639932.7525997,19822.7769494828,7694365.8212867,8151768.63659284,36879127.1570399,12308500726.4067,24793776.3459471,13880465.504325,16622666.0371423,133980086.34965,19822.7769494828,573434.412244208,220713448.589854,91517086.3121034,113095969.053425,19822.7769494828,185255586.501998,231248465.972541,147161926.983345,296789545.677276,19822.7769494828,825457396.856529,25477017.0100149,14537897.4190886,4534060.08315486,5209076.79061197,15557570.9056093,1392124.44432408,19822.7769494828,51108394.908563,55614614.2904269,16420015033.477,19822.7769494828,917804364.620366,6571301.05815176,19822.7769494828,272734246.684398,1240723082.1534,1492787735.19147,19822.7769494828,411814318.618809,551664.890295284,158278416.831645,132369587.676596,53761521.9110458,19822.7769494828,58612252.1731932,24919250.6224245,13318973.8547815,6844681.91189774,347997876.233078,19822.7769494828,10042506.5811872,13119409.7893617,740704048.92726,19822.7769494828,4846737496.9182,503846090.936046,18194864.7652672,19309187.5231764,9952343.68769331,17369511.3415784,2456618.09074487,10161867.6966892,600057.121150696,2436622712.23426,15370514.8908675,3268933.90620105,8586641.77340194,6495686.63736356,5304433.95212847,7332672.99645679,779103448.085802,31230396.2951875,3224595.92347895,11687793.3520895,12858151.6192515,6631677.66613295,214110960.840096,7207137.83547809,19051469.1839448,12970335.1831945,116413021.498762,2985025.74370114,15369370.1278612,44001823.5868193,2120780.59009105,55119257.668095,9967366.37816423,12907534.889475,8328626.1760341,600742.064722595,19822.7769494828,17071965.8606787,8796397.92141395,2857092.46743697,79342647.0195773,3473180.53007468,5238724.67035645,1069430.45748737,1923552838.52677,2147016.20141207,20390326.7403429,5358203.27350511,6278891923.47229,364881001.193963,49856397.1453144,15722020.5913657
"MSJ01_HG_017_b",320132972.354449,104978375.558134,1047307493.22499,25945807.2064301,48348338.1878771,1253755513.12421,1202988195.27442,240611662.481327,90141485.1619886,6291139183.64359,191417123.93708,3111811261.64004,44748993.3307633,33747067598.2487,557028479.811184,621483698.489928,18478.6850321994,39032226.3976409,15032890.201776,474194799.524171,242853022.926627,271271551.412524,149149647.627143,18478.6850321994,9415447.11190601,2414641.59053863,76697770.2517367,78928354.8829045,13183697.681598,698105475.06849,741576187.649892,18478.6850321994,18478.6850321994,307093283.508916,18478.6850321994,149312151.463144,18478.6850321994,5670433.38758392,15108364.1248498,62098474.0328788,6682764001.96152,18478.6850321994,19138185.0000335,22564160.8543187,21244897.2744186,18478.6850321994,392349.386346415,259646816.958546,64472648.945282,52763031.3471721,5734882.34791123,140703051.392469,216848232.720498,218445776.022744,251481237.806262,4139481.34148192,1735491598.97826,33825593.5932252,12496623.7501525,5564331.60473697,4859404.05091852,18159566.0387482,18478.6850321994,136815040.723844,74238317.2306718,48408068.0902777,36605814621.791,6600210.48795778,550796604.092703,10964368.4036992,18478.6850321994,238583848.288026,1071724253.76085,878947656.323491,18478.6850321994,1199680413.99381,2273890.59237381,243525746.964988,146178800.564767,122533994.629681,7109000.88721015,142904662.789734,41362069.0019968,10388323.93329,3578751.03132975,485565278.554626,18478.6850321994,66122667.1081165,26102947.1567206,879158362.33121,1895556.24698054,5663868074.94378,338854493.515016,15234179.260291,38229365.2290846,15351824.6730742,14456730.2229786,4424142.29894751,9124122.69169377,1428022.7573757,2973571620.79204,21573868.6477093,18478.6850321994,8923840.14681538,7942590.44212721,5993171.76733825,18478.6850321994,1087071175.81804,13716310.3709723,18478.6850321994,12577929.0524391,8063041.14241059,63942032.1380506,210673791.015202,12948224.3714167,16771019.5400639,9201344.41058796,141531367.000623,18478.6850321994,15433009.2783506,18478.6850321994,1669516.22859916,73665853.3402122,9923281.40178853,15217276.4006825,15218595.926635,842428.255444895,755500.574537983,26316655.8948864,12810249.3599165,2850681.64833327,44456205.9978099,2789766.56492468,18478.6850321994,2710239.31791962,1861521682.11412,13038812.97198,19560024.4072275,3455969.96039271,6136476534.61664,339429339.042082,60872714.2244667,18478.6850321994
"MSJ01_HG_011_b",485469914.727351,31180796.5979755,652342288.348438,20318.5504667778,110745307.802893,1157959387.18278,1475298222.801,233398015.308561,76728781.9268619,4311317296.76859,312988603.802058,4403413688.18816,42944206.7889518,37441226411.8857,603055321.351163,749610559.692645,20318.5504667778,79139847.284506,24154117.4993756,133334276.691919,497086458.480486,396858616.08952,274336957.933039,20318.5504667778,20318.5504667778,20318.5504667778,65630563.7349931,583232346.172386,20318.5504667778,725358877.238289,850642072.035593,64208625.8067168,5793046538.65876,278146883.737124,295938.287211388,142196345.913506,20318.5504667778,14886714.8136186,5844445.85122506,113413752.25906,22278977452.451,25413876.0291237,13518867.3271123,16169733.5447467,55523914.7783181,20318.5504667778,683354.04676875,231221072.656514,89491114.660929,95626893.8001914,20318.5504667778,399182858.153183,195811533.637467,196903858.443204,215719777.472505,20318.5504667778,3005675443.50661,27340454.1125904,13224493.667321,3450768.76740923,5339357.34257109,23612235.2735377,1310743.8514937,20318.5504667778,64580152.2341836,47243643.4052404,18994888029.8687,20318.5504667778,568153822.982669,10583210.9676095,20318.5504667778,257616238.245588,1526788740.63175,534009525.376955,20318.5504667778,217471505.596979,900247.189391864,285295704.303055,264746626.660833,237293766.500544,20318.5504667778,88451238.737533,35237573.431015,13064509.3290995,11069537.6595248,1274497939.21053,20318.5504667778,10293672.6424762,24107974.8474317,1307269644.39118,20318.5504667778,10607686904.4979,778978764.321202,21145885.6224274,22588866.7081866,11923246.7820701,26936745.5900733,2422897.1470855,13140555.977567,1828529.27357192,3661517173.19777,18644778.0466139,3177986.69867689,12788775.7734741,12454976.5095264,3712445.63183559,4940549.70325722,2543102217.77303,52183342.9406807,2906773.80425264,27003943.5455182,20180892.051899,5388492.80310187,246212599.940265,12245921.0757821,1453964.86381307,17446136.0234734,210289788.678721,3059682.12085466,23797041.6934056,109023614.219191,3617184.88888917,78819846.890827,10631573.7563803,40404119.6402833,14396639.424266,1118644.24853019,20318.5504667778,25941624.0993125,22665096.1256394,2568334.39121158,50512840.5131783,6616505.04121716,8489541.82314398,1995133.04925827,1865886177.27944,11662040.7559732,34320898.1707939,5119140.95727533,5647762092.47464,308053554.085733,35314354.9000506,16115232.978683
"MSJ01_HG_004_b",408876993.828207,98300186.4132578,729700601.757617,30675620.8302282,100985693.251235,1034291902.92966,891809392.232789,139530789.330999,103672008.528353,5509451090.65105,99832144.905568,4047064278.6332,36799009.2413792,41779312691.8062,774603171.477867,535802069.707146,23020.2021196798,56290557.3628522,11047177.6701058,465161146.719659,486114684.238179,601687297.514349,338174609.173154,23020.2021196798,4680462.82896295,15660645.7597841,71163206.6621025,727630520.235203,2829518.21830424,1326142176.05086,720023813.598443,23020.2021196798,23020.2021196798,309091371.158236,461616.007639547,149658931.268997,4848532.82995255,7043180.66672381,13750247.9306643,57163635.872402,15109959140.3049,23020.2021196798,13021528.8237829,19475547.7889369,124926725.839421,19461047.6553022,761768.907629806,236116053.77657,44878649.18617,66708203.2711247,6550417.79153274,197978986.927576,232962428.188546,220801829.742839,414257774.211582,23020.2021196798,2445673981.8937,29573348.5649388,16123234.7189348,10676217.2568939,8668499.71579701,25708157.6213949,2156835.83750483,52294257.6277306,33073918.1087746,57620267.191694,22446994488.2953,3548609.79126207,275034599.956791,10575066.5334767,5658273.59957219,306897208.353734,1694407122.95629,1381962492.22813,23020.2021196798,426364825.874009,258503.842367251,162165818.689064,257917857.506643,232479576.902313,5072886.82929564,67533449.4272978,34112230.6351995,13735316.0877046,23020.2021196798,421280673.253112,23020.2021196798,5473541.54122624,18047296.5895067,978846202.858498,1955980.68347761,10302978677.4209,647257812.503407,30996255.9252843,87241462.0288714,13666186.5088595,23039092.1574127,2092707.22036642,12966955.4600489,914179.316301929,2898084308.9551,12791505.3040022,1846823.65017845,10583022.9831428,12488115.9129167,3114641.83310159,3269751.55174869,2087815582.28253,36993823.4919072,23020.2021196798,25617706.1124585,11435186.0824602,7281814.12649736,201088739.786876,16832725.247753,5815447.88425793,14031741.767242,199073415.905409,2650712.96741898,14623972.894762,57784930.998395,1458594.90012052,28138361.9616703,10392574.5274685,24885901.5350634,20904106.3655127,824595.441726267,389040.811593169,25541122.4373755,23020.2021196798,2332211.34577489,113856688.645867,3112081.33501841,12249593.2489043,1934313.2492302,2257830003.56411,4759649.06260147,25252568.0614145,23020.2021196798,6566362132.91787,311291564.52333,52835030.6648352,20105610.6314691
"MSJ01_MM_058_b",2303840509.61424,43296365.8430444,922404252.152273,41296280.0087286,19365.6912300549,591835654.65524,1880474734.64911,281941979.427043,39444261.7648837,2348967845.43622,319257501.798237,3995994723.67436,35434408.0676185,34444043496.1822,717885582.050803,1057063807.35692,15750249.2386013,37869824.273228,10266768.2843139,67624559.0379169,369231959.180862,19365.6912300549,179011517.871357,14749128.023799,53130983.4949241,19365.6912300549,45909684.4136441,44684425.2281496,10248673.0413084,1144009917.87577,318206954.680812,91021116.3416574,5930420309.34608,256180782.122572,18861139.9123782,19365.6912300549,52828787.0696777,21908663.2046646,6686943.199,14519310.2680532,31287045769.3901,19365.6912300549,34639591.6416153,29307328.6605215,71068053.602133,20606584.8683122,2731037.99280698,160214437.585926,115906760.705035,55472347.1721193,19365.6912300549,28052507.0800584,777474349.782459,85832582.7520564,19365.6912300549,19365.6912300549,3749624169.87122,19365.6912300549,18650632.7041054,6400648.55506136,13713946.4704073,2360449.82169598,1626153.98445261,120940572.699032,19365.6912300549,125704391.204563,31236623526.4922,6147332.79667967,232630893.387214,19365.6912300549,19365.6912300549,658022191.638639,2108326975.76749,276212956.861387,90986452.2677579,277835039.379865,4771165.11117657,246566038.268524,99784227.0981451,74257163.4251746,10888928.988677,16775195.2343883,474649831.756386,19365.6912300549,19365.6912300549,1490586304.97428,19365.6912300549,10496955.9718801,34115204.3505617,725083562.29633,8071968.28341545,8452472644.77642,161031926.898044,14160549.2656596,19365.6912300549,19365.6912300549,34904018.7047911,4901395.52985365,24178769.6742292,1659761.6053867,1666501410.76164,2353246.92766601,4405594.23912183,13111368.0454003,9984552.98894202,6568090.50584503,11722423.4311088,1544103868.66606,26921077.0593196,10065026.1389204,27971373.1317635,13060645.4870266,19365.6912300549,312481008.750968,8676928.06351671,70731538.0874776,31434129.1985706,212136831.535767,2671020.87327458,22775808.7868834,92812789.4746782,662076.070197176,61526373.5270297,16015630.0027547,54571933.1380761,9205078.27564433,561077.292302088,874672.091695979,18633470.1171507,24704542.2196335,2912020.37564408,108989985.05676,878678.78799497,3796762.97347514,1103305.51354794,1661487999.79355,4150482.38247296,27703634.7645034,3400796.28988376,5457443188.79264,410659193.270671,54976138.1145871,9035352.72901302
"MSJ01_MM_055",3174611860.80197,67632602.4579286,803406801.139061,34833283.1013609,39429562.1073947,386782019.578431,2617120976.81111,355267126.160383,43069959.3413977,2349698881.55908,344956354.022878,3490425851.39701,39292528.8166703,33196951706.0476,1035040444.5557,1070528426.24917,5760860.95563031,46925942.4080217,16316758.8298173,81348592.766917,835323454.355384,446806010.500143,866026307.578401,14823310.8134113,61102906.5723357,19195.1717000375,20102533.1751712,47130918.3458057,11107801.5457425,948712744.945951,252426328.56448,62191464.0033648,6626814690.07031,182383548.678042,11876641.5658154,19195.1717000375,37364304.0192008,17774055.597384,5662250.06485827,13795932.5010887,24222187661.7349,69671807.5476029,69664002.0672969,17298813.8879667,67270137.0765574,13203016.1299131,2080807.09303285,117268404.072799,76864478.275709,139523862.939839,19195.1717000375,33881221.4543991,715201779.101868,80842040.0606913,90441124.0406717,19195.1717000375,2426228696.43137,19195.1717000375,29833171.4534449,5109732.29173121,13791815.2915605,1934658.87707181,1034076.09979959,75462926.297068,28257200.0121498,77140224.0705829,19597724539.9601,4683633.66590327,123572398.13387,19195.1717000375,19195.1717000375,815365280.158545,1899477993.44068,184777076.78887,52932584.7456234,491410413.595147,4311791.43915984,131401228.648642,97403137.8889241,107760048.441929,21491861.3378532,87191221.7743078,316937445.70974,4064425.2307076,4289899.18552575,2096119200.67436,5790125.85462874,49070348.6045872,16195746.4807884,630212027.067047,17718982.9595051,14668301304.3886,1497435803.51473,6831701.77668418,490418.903750546,20306232.1173864,109615382.948096,3580087.47393096,27638523.5707502,560281.106369838,1380640396.57297,3810685.27978548,6692986.20128631,11049557.0807771,6380364.77726972,13219876.5422879,9717110.16611636,1734579112.73971,52939454.2623514,4707993.33007769,23566877.910827,41494950.4964531,19195.1717000375,334580749.917118,4113439.27506972,17937322.1495699,27540226.1241287,84214735.4070125,2609495.38554802,22341039.3717043,79758035.4387344,1208244.2813983,60019778.9021536,14353677.9753503,77827231.9972268,3717411.76339674,605934.517656207,1227358.19889405,15134174.2382164,28237848.8161502,2422782.16472076,23179759.9294593,949735.603594111,4711332.90403165,346204.590348943,1524830502.87791,4511351.59243035,30906733.0481066,2278038.45489162,10624257496.3299,562932754.444832,19195.1717000375,23911808.9865641
"MSJ01_MM_039",3482197370.98158,86222142.7798559,328964562.235148,40693417.4738253,28834531.6076647,377194293.577495,2726259094.84082,656389582.828409,47665037.0108943,2775683100.48473,377460631.271056,4064642494.63369,46865423.4778501,35309008416.1561,883311534.079235,1629676398.56686,6879081.18222887,59198974.6474914,15446049.5519596,169677221.140866,683644377.240912,329440933.812817,597002222.54659,15051003.0840205,72674358.6538407,15776491.921999,29272271.742447,55239702.3465614,18066866.658138,1167612789.17397,352942061.727161,72573200.2433068,7356815890.42016,286235039.067574,12666957.3959452,17682322.6994605,29635682.7720842,25900224.8632127,6578696.05596153,17496381.3658285,32715287726.8577,69664934.889202,52773676.6714318,10290475.126087,56635639.7341045,16773432.5970283,1717194.67042309,136034635.748346,59446752.6086458,121242668.26668,19365.6912300549,42166919.562938,849833338.021911,85475677.3693438,95259766.3109273,15298499.9317879,4061613944.73639,19365.6912300549,31771025.2217421,6453096.01514901,17963469.9514205,2541980.19908436,1475638.24546914,52506359.7528803,38276313.7244473,113847626.134072,31206954789.3075,5028459.69387935,141777109.41425,19365.6912300549,3526001.54886782,2041200527.69258,2303495281.69672,166675679.460702,93933357.7167446,919318153.146946,5294762.20632037,178999829.568251,122832723.501545,81395919.6197387,14383576.1062085,54584145.93475,472441587.805254,5416649.61623831,10008267.5729689,1879753469.69684,5282135.4441586,17034568.1098359,36371598.7636022,748048784.72779,9955123.9924138,12966570315.1639,723637849.578796,9148157.23107759,19365.6912300549,21811298.099302,64599318.1358608,10591579.8174657,38893722.9106763,980016.631018947,1669008107.44435,2776011.04622615,10900177.1580022,12712939.045025,7516121.83064055,7255576.27789766,14343523.5796952,1388033637.83692,64223918.3818214,10956827.4860656,27548851.1753274,26024996.1875356,19365.6912300549,336662918.581248,4993333.05324506,12529020.0231644,28439504.9323502,168126667.186398,1419340.86361352,26556503.6436117,130602720.322262,689645.036141506,38144657.2377116,19195369.8083143,57861730.0868415,5005703.96154125,758380.556194553,1411224.63048605,20488557.7770599,31732704.1523622,3137226.33852555,72121568.5426529,948271.933392911,5895018.96979881,1450141.57395652,1582304234.53492,6033477.78264135,28606505.8899159,5010813.73887846,13088081473.4487,709459666.656634,19365.6912300549,22090427.7983329
"MSJ01_MM_032",4770782948.87417,51125504.484763,3285569303.12066,32159711.7048347,29703159.8220169,424918619.037208,1539714750.20632,188302631.298548,44300150.4860045,2479265946.74038,225358674.265424,4004867358.18822,29655386.607572,37141093506.2123,957300071.007114,439122061.005984,15110843.3872984,43632430.9737673,12790324.5643533,100539581.748758,277832021.091638,352108389.264952,145802260.35008,12992901.3859388,69051031.2021047,12880347.5766135,26649224.7075747,32726367.3491175,19658.4437988946,915760232.005815,352318339.079016,76765865.3609438,6822403200.65881,317969452.780628,10796187.5605202,27788880.9814274,18665959.5048188,38333877.0242453,19658.4437988946,10119360.8162562,37720861083.6151,76270629.1102059,29175879.5379157,10012426.2874347,43809462.4910432,26984748.6414316,2749478.95713616,119911538.811084,110223673.386107,58776806.375914,19658.4437988946,37577853.5273056,818394479.951912,128571581.329181,50146347.8899495,19658.4437988946,3263393027.57699,10790139.5205667,47353013.500005,12609413.6236113,23008853.8190908,2634050.02912485,1647304.07599002,74547566.3597204,40454764.4246306,134618983.668991,25605409027.6223,5071382.0297958,164151237.814776,19658.4437988946,19658.4437988946,551205274.555233,2305135928.4754,195266587.045285,78883425.4136744,119244125.061047,246617.725528274,48399335.6645752,79199090.9573461,87479048.4710943,5379729.0506608,16111087.1701938,440285708.053197,19658.4437988946,5548323.10927191,2743418498.05942,9366558.47581917,16036182.0204451,23762195.2554525,496113632.948879,8772327.25143423,6449643617.32062,130543313.3245,11685975.3181235,19658.4437988946,24470149.5883322,22523881.0785826,4489336.53832439,47049504.188581,1419217.43580853,1334558313.90216,2431591.41119464,5946299.04465805,13722912.846044,12286954.3244825,5716458.45715046,9306736.44629597,2054741553.07519,16259066.3362888,2041766.84355404,22408868.5615342,13256405.0735061,19658.4437988946,288232396.492468,10068420.005014,31433697.0620246,18135016.9140572,180582539.461146,949761.555611691,25429656.1246954,75081924.3681714,19658.4437988946,90088297.31141,18682953.3187348,71881649.4056931,9752720.79605117,1000426.70092412,1154954.02456593,20981125.304076,54660598.549021,3491110.50871971,70220722.1141297,456494.920183263,5156929.12612514,1602137.89092413,1593041969.05103,7561682.7976307,30712144.2376923,6734383.15135484,4912990139.96614,509403323.971189,93236403.1390316,33004711.757792
"MSJ01_MM_034",4098228329.71721,56992860.8830385,369532756.461615,36273983.1782614,44354940.2358004,443889687.276794,2012603824.98182,388037790.263084,46057689.9311172,2573475603.5904,291634495.550182,3780293956.48854,26542484.3092804,32718100501.4629,1000549340.37582,1343425286.15452,31121868.2469187,51088640.4333379,14783020.7026283,162199890.82967,269620790.351462,359283626.118861,324713132.746387,13873796.7898977,56078942.9279474,45990284.603154,37169153.3552967,39516517.452996,19505.2995233951,1137050773.54278,362592421.917447,71762866.0222667,6722679344.25841,364402202.050076,11790496.0098961,27572398.5330516,24019743.3272915,35747230.9025548,19505.2995233951,14056961.5433261,34911008714.1874,77073894.9425691,24585426.6653592,10925191.2727102,40457462.6732605,21107635.0897107,1843367.46901442,110434146.144399,109365002.945237,87811624.3964303,19505.2995233951,45687370.4031861,725142613.266871,90298722.8145853,91168936.409264,19505.2995233951,4345670181.40057,7212493.82861893,29205252.3673279,9976341.17837489,23139004.1930246,2769391.28340856,1753173.27689019,73966821.8635028,47232138.0369293,140430215.879033,26646321512.7564,5515585.27260059,179145007.061696,19505.2995233951,19505.2995233951,1829545694.67136,2114718977.22651,58917186.9547669,92962793.6626416,206788757.349356,1858099.74201853,55243908.3400468,109309533.493329,47151414.6113771,14438749.4776233,37155771.105902,437890834.587477,19505.2995233951,7135663.09314821,2590802599.65123,4469079.89672429,5476237.32511298,28922662.7819935,807103078.135664,7264622.17402422,8692950014.75822,329570292.202309,12141225.0007114,19505.2995233951,22923994.2512125,44171557.0650759,12003490.5716842,33426252.3404095,1408161.37113695,1383604841.68957,2729062.10339386,5899975.86320923,11584285.5242552,8926948.81891138,6968551.59333831,9234234.6030721,1251106319.08812,24611322.9386797,11773012.2602723,27092510.9319642,14752493.2265266,19505.2995233951,319978640.008449,7453482.0525367,31188820.5696592,29065535.1652291,250468151.999321,3089532.56256977,25563369.4894609,82544480.0043157,19505.2995233951,89330430.7553362,20063620.0046751,46703619.244591,6968790.02113032,870321.335054585,1468198.80035729,19521108.4090848,36887452.5703714,3390772.08167739,50562116.9985463,357478.201565037,5460324.53403822,1033216.76723719,1637077657.16897,6186035.92224122,30749580.924849,6851601.22841472,8068295980.26728,615398840.586044,92510067.8525269,19225952.6889071
"MSJ01_MM_043_b",1986397394.92829,87049250.5619106,1739168297.08006,47808681.7184206,22589503.9086102,443290428.324448,2949764221.6158,600446576.544522,51113814.9442875,2781015194.96056,339481247.97122,4048842129.25642,48360893.8214568,33251552505.7412,949090056.706822,1646590213.35347,15554010.3119607,55277115.1854997,13592212.0961406,140840444.889231,401336965.365855,439612924.741718,393189743.318639,9968887.64851026,70282459.5977414,15804414.1285732,31513473.5480521,56107529.6744025,9105271.75414281,1106559975.73435,384095376.87521,106139216.278412,6988752316.07512,251896317.370028,13474603.0050972,15727500.70544,32860054.1227262,21982799.7185364,6116796.26632765,13021745.5625686,32746550939.8521,76491465.0774118,64063723.5184269,15645916.8368567,53896919.5866324,21054491.2986941,988831.485621074,126904129.770278,81577156.3755063,99783410.4796415,19399.9658225088,34826595.3690042,776835308.853742,123271280.109223,155272550.413206,15325576.1587135,3310743429.21269,19399.9658225088,17783319.5010651,6031358.82801035,15659202.3232278,2281555.99897792,1543678.69637239,92746529.9264888,39561154.776398,102169749.893884,31222262592.0748,5423577.51153134,186490357.774927,19399.9658225088,4862844.74801104,1340959493.29097,2308599229.21655,273289525.101188,94099606.7555894,355764448.158343,5866581.04665519,205201007.059877,83957012.7378392,63666035.6350089,10328893.3612192,21557485.0631068,463869347.036138,5426236.33616771,6582659.43782711,1550344527.35113,1850920.05458068,15926847.6342442,29608702.9615619,844691686.380018,10226301.6839242,8787541804.67798,418416925.250557,11454479.4928954,19399.9658225088,23501345.6409959,38218755.3138672,10180121.0006341,29066842.4652971,3203823.63144791,1681741656.58361,2839824.05835626,3703347.82014271,9629043.89481281,6103625.49375752,9567569.6717073,4657044.50595548,903995374.343517,31046915.0643996,5939423.19687983,18212726.8896032,13288149.4383361,19399.9658225088,363160732.659351,3708817.8297792,8553783.87415288,29651889.9103393,130030619.613755,1409007.48610802,22167352.7025308,85583111.085531,690865.612379698,39696205.1578982,16627051.5327306,20331578.4182285,7595158.24969921,800387.760049067,711446.969424773,14172640.7449135,42969097.4469117,2082251.32041827,59333205.7529956,893755.14118948,2767774.2913322,511644.976965416,1585553439.01595,9492126.92413674,17118004.967873,7016468.9880748,10156905602.7233,642898009.76714,19399.9658225088,9175887.17146917
"MSJ01_MM_031_b",3718911176.19391,80093362.4052985,309795588.074015,46960420.1792361,123097433.936328,460281741.940316,2322229637.87374,644778662.32609,62836989.0945064,3765769496.70932,421887957.697913,4791786547.22592,58183137.3110596,37657353583.6247,819617302.40933,1145558653.80853,9405653.03344287,59348566.2399557,17658698.054785,196268630.174882,674504371.208411,452391247.255796,668637972.649701,21292670.3624094,74990301.9860966,15816357.9933991,48256594.8670687,47027612.8181315,7061100.49941808,1380013693.56992,496259368.174125,93907122.5493286,8331791716.06467,482758975.95802,16624715.0272856,11781668.9657826,34874508.8804023,55020867.8978612,7876094.80624119,15464289.1785535,44004618765.8633,76549271.9478082,51332932.4229764,15657740.9205752,59257292.4239416,37534603.6519933,3384534.61980031,190721776.003378,81638806.653758,166934261.562456,19414.6269524644,53813322.9141072,975280676.365089,96706473.5247064,68471442.166793,23213563.6485022,4998459537.71945,19414.6269524644,22504388.1942513,19484932.022162,32365090.1841715,3743949.69642175,2419595.01780873,58012902.5515691,39591052.3152224,173577272.535452,42338273442.7007,6126172.81155612,119181684.110456,19414.6269524644,1183665.35709873,2436217468.86794,3646770668.26348,59542908.7958183,98889826.0831874,827297394.741776,5308141.69329425,83321019.829484,230618675.601293,289429709.672835,10106304.3403522,60167898.9481946,690835959.666139,6267546.20482718,17021157.7206266,2614245802.37425,3306201.04900599,26692476.8740552,55311311.7785534,1313553274.20368,10303873.6800784,13793309883.6693,891267424.805096,12742898.8473335,19414.6269524644,40505649.6042512,71642044.6179103,7600501.01936737,37258101.7098675,3206244.85605445,2540568648.26972,3740965.53457888,4520544.86097688,18429133.821315,20150272.4070667,7134334.59383109,7681352.51383459,2719393913.22739,66688779.9934387,4710681.89733899,42927163.2393209,44447012.3050258,19414.6269524644,431673217.778655,7189926.62209977,14992495.3249355,42662021.6092763,251551315.387086,3233163.72262203,26623610.0368218,160932120.643863,1033313.89522002,56142374.7253952,17292950.4589554,101352670.276192,6884736.83199646,834558.452698963,1121573.96232471,27124758.3916591,47296855.9681186,4449580.78385854,129373002.732659,1506092.52658366,4546225.50816055,1071440.30408907,1574652243.51371,7766301.09334935,26435305.9125281,4793738.79134865,16586133376.1351,680454825.039832,19414.6269524644,13986924.8190242
"MSJ01_MM_040",2467962862.51787,80600112.0596635,204574944.460136,40180502.2453063,49790813.4761721,430899735.734945,352041694.831546,368556578.541598,47282714.731527,2649848944.76219,285577240.382527,4141305817.28841,41177503.6559375,34816260325.679,964660847.988618,1824727023.28086,15284610.0880063,58910418.0325399,14680846.7590336,177165711.652204,370172523.240925,315619835.024424,229472440.422759,12219781.6576618,83551733.7961386,53579394.0024781,35387132.2716497,56054981.5150345,19884.5054972679,1136645156.93286,336469552.484748,78035965.1808104,6853376141.02979,281257248.437959,12992853.0297927,26850049.0234046,22129642.2573692,24883163.1473956,19884.5054972679,15671415.885425,20189928033.676,78385072.2423833,38522146.6654753,10984066.6261646,53490173.378034,15737419.7120837,952276.198412063,115200256.933846,138603418.283132,70837822.8892672,19884.5054972679,29667263.0658227,841404395.704145,80565662.1438788,89455786.1196273,19884.5054972679,3656409087.51513,9133466.80454491,25914293.5644023,5901374.9331993,16158472.0610241,2568570.64496069,1835750.59934368,64253687.8025935,39305746.1102478,105652543.260124,43576625326.5023,5085135.85255997,292194137.246952,19884.5054972679,19884.5054972679,572862078.778339,2600442836.49881,197512049.44071,68639345.7006425,807725904.475758,4269831.57212698,168427490.306223,84964437.7985531,117296919.299459,6136682.36482673,7862804.17179316,477055131.83772,19884.5054972679,5317931.71659633,1471754889.05185,5232294.86855967,33484623.2749292,36375296.1041861,756112548.289688,7427927.05692445,8531076422.83158,274769611.063035,10097704.8915805,19884.5054972679,26067532.6127234,28955595.6635591,11742131.2554578,24536713.6765673,1825290.51100949,1983524422.50709,2626209.96229632,11016630.6027624,14556363.927742,7731343.37219492,7145247.83615246,18596332.5171143,1308296257.80171,28173788.100163,24271944.4904578,25739455.4057981,16833866.5054548,19884.5054972679,357104061.436972,7505553.06165236,69868777.0364654,33708956.0690214,229491884.109563,2976709.9324292,33698506.5542901,84149241.8225239,19884.5054972679,112820235.948443,18867132.2140529,60214201.363471,7204398.4281584,919588.074077007,1517816.23067552,21218834.6803408,36953677.7256492,3346422.88183239,71744505.1440401,461744.370140294,7292020.546458,1954929.82970724,1508473730.29528,8109912.36769106,26182883.0735823,7565120.75532941,7156347941.0915,731673372.64703,103662105.034511,12438985.069582
"MSJ01_MM_041",2143262355.8207,62536304.1284384,306942959.979749,36473760.291415,61333525.5420407,310925025.049099,1665267419.80529,365982840.151407,46219248.6930573,2033913373.13112,294278510.011642,4065972960.98295,34519234.1671095,33726956920.454,625428297.63408,1162745306.18253,15526530.5024939,47103987.8492375,9411756.60449649,147497121.940451,364095966.461794,295039736.256191,369763431.937223,7929544.02169433,49937755.9089792,15776491.921999,32350976.7689792,35716960.7412237,7371353.92071495,1141532200.86913,307845223.143645,79135996.2579234,7356815890.42016,219102003.222925,10818376.8868184,15664261.2917315,18044616.8534245,22191374.6818456,4417662.32860821,12927186.711587,33301741867.0643,54065627.4272471,44102152.998518,15618274.6529449,44455134.5796973,19305184.3350345,1717194.67042309,103549469.811041,81433031.1840552,98438013.9142475,19365.6912300549,28649922.3007497,797791846.329147,55986163.9755281,99284100.326327,15298499.9317879,3561447580.84922,19365.6912300549,17293991.7153042,6674019.32175069,14126472.1236718,2541980.19908436,1710709.181315,36573415.5490473,39491260.7121831,86856199.8500634,31082645249.6789,5499256.52513467,122099249.596164,19365.6912300549,4543069.39692557,1194788687.03246,2028308391.28581,166675679.460702,74792766.0260263,461366673.937258,2162733.94904938,168251511.810651,132579093.676729,91407549.7712252,10080830.7989344,31681545.8646604,480864466.767677,5416649.61623831,6458475.56372695,1618352899.48496,2376485.2414717,18675293.1914368,33434752.5245614,812632209.419053,6547013.43463411,7951508620.92266,461060817.844645,8033996.2007573,19365.6912300549,32891195.5236401,40746863.7618113,5334123.910891,34764461.6764537,1518532.10741284,1730560837.77135,2157681.30028302,8523231.1937082,14861731.0084621,11900817.1232953,5527785.34224558,9906738.3788313,1584320328.63117,48445501.8275769,7471767.64485649,30644810.5247499,14711235.8367819,19365.6912300549,328270090.429691,9387413.07177953,21339168.3914692,38237952.733548,316416942.541771,4665389.43948673,30002139.844259,103658282.32885,577737.340297465,121626702.912056,16929035.409966,69503096.2829994,7775611.210807,798973.687234109,1246381.32090635,21417665.3678835,27425858.7427435,3513569.08374054,61985116.2299984,1107785.02531749,6762886.181166,1862535.42244775,1570683238.84168,11074859.3325772,35365624.9166783,7594218.24754301,8493251882.86591,525227542.458053,19365.6912300549,10566637.8482502
"MSJ01_MM_047",2911963628.80828,50547965.0373698,144298145.768985,39281628.5816719,39815678.0419721,378679982.716604,1916792421.33371,229882475.954356,42051896.7044201,2498054363.9032,307702683.682393,3302288809.99215,25802463.3304669,30456372810.4557,1026219021.83076,1079756450.08445,18203263.1109687,45625234.3573035,13707122.606414,110963647.864852,417952344.510301,386078063.80432,460287617.041585,23077350.7374918,50019661.8883534,19360.6353137323,40878646.9709266,36293924.3765241,10088789.0102742,877758034.795297,299994499.690263,67601111.8091079,5834058448.97181,329949068.084666,20566090.40874,19360.6353137323,32941983.9056084,27887051.0178889,7660201.91900873,9008969.58971665,23955222866.5308,70597326.4958897,33537196.2156421,13342119.2453646,45000740.068759,17747637.0610974,1778317.67985145,100765713.725202,77527055.0183927,67822066.7224451,19360.6353137323,30696974.3577241,706788004.889009,142051471.420366,74289244.8525195,19360.6353137323,2414332390.26966,19360.6353137323,19622315.0034567,7973686.54777675,16486080.6913902,2549619.240523,1416127.81709048,60582604.4523265,28500778.892296,97564777.8786174,20939871859.6698,5471697.27946046,134093809.263476,19360.6353137323,19360.6353137323,847939405.160305,2234878664.93638,72787774.7539146,35215098.0829404,363395123.906552,4275824.69989832,49281278.4028056,110201245.388886,64379661.4011488,12133478.5347477,61595448.7064051,288366514.490954,3880504.52357034,5338284.21672677,2050038683.47203,2578879.43627412,49493338.1632253,24866240.5455553,580189828.2962,7902337.62680136,9086732478.91487,622937569.322641,12686808.9948285,494646.346219251,24783639.191154,54435841.181015,5482772.96532505,29275406.1161362,2656608.41053257,1354519513.43481,3668085.6768528,2999869.39670996,10594267.6465932,8153877.70838868,8416939.20008569,4970176.68397013,1157888584.11088,42045140.3834726,2964431.44340148,23016021.2637882,20467904.6093279,19360.6353137323,273959433.251135,8990077.63444527,12416764.6685366,22760656.3655843,184156302.650594,3165033.16186681,22557790.8297305,66944465.6022673,1218659.42475572,76754750.5477117,14640387.8350319,46939991.8095708,8517371.59776107,735654.455589941,1291071.55299429,21750086.0294002,44329314.4838664,3444209.81688683,13605224.5067446,858131.832878765,6923684.59515293,501233.994910785,1495783387.40796,3325344.25258616,25965306.3144298,4785943.63579269,6377757502.96362,466765439.583397,19360.6353137323,13066926.9222097
"MSJ01_MM_044",2219292375.13966,79806910.6777465,170512445.845033,44082722.5774642,46764271.4013883,451095297.057136,2747012773.72342,397061574.044927,47720804.687695,2613806047.22499,340527108.814342,4174490197.94619,38791205.3795584,33373293382.4126,895477918.618592,1892526048.91096,14452923.7531987,50902191.545164,11886327.278895,138653305.741522,246652775.451718,370277543.363727,213769725.925421,8822389.37855262,63814156.0931293,55647226.4463532,31953914.3145545,54050614.8315064,20564.8145579326,1094648603.6607,363237201.232295,102105869.30374,7068091087.00502,225971487.469319,14090201.1529602,29070113.0771933,29667601.0698209,21017131.2247297,20564.8145579326,13237405.1862276,31523780223.1626,75577021.5325209,69104472.9652927,11518640.4732596,47240258.8816007,21029894.9081035,1686708.02280278,116741408.356569,107548048.314596,76014016.7595546,20564.8145579326,33731409.5262497,764858631.657222,79091245.1811859,148821482.333837,20564.8145579326,3096676288.53017,9445950.32208908,20777073.8994773,5217264.77277813,14176281.0286262,2656449.21367663,1709114.28639032,72259266.833023,42632867.1215389,93949374.0078983,33535666939.0634,5459834.91905774,194117304.737712,20564.8145579326,20564.8145579326,834462013.83663,2427441496.79054,277480480.814513,70987705.271599,242596037.039176,3735055.66218733,205186005.424906,58907354.6786363,41413684.2521543,8524570.2828407,14572575.2071993,441778364.342794,20564.8145579326,4696442.00580973,1836258820.16222,5411307.49764616,16775545.0452415,32893974.322141,822476073.429471,8946652.57377991,5889552660.09689,195876350.448374,11076027.4157617,20564.8145579326,22249890.4778746,25824609.3889557,10925425.2047825,40794259.9680094,891178.915186442,1618885207.31509,3120241.65066187,5405438.93719888,11459497.0990355,7780823.82830395,8542953.23818374,7054647.19537188,1079666021.67557,27343825.5488335,15408747.3810756,22908249.2930861,11873819.4842679,20564.8145579326,359321383.210419,7450493.33187269,23784929.6604712,32592717.1470008,262091705.990001,3868063.60802746,24256385.6601592,87028241.8392855,20564.8145579326,122114529.93429,19216001.6214077,45373476.6711247,6418475.94083802,811241.953761765,1729029.95354534,20836193.8278551,38891154.719996,3324928.8231359,36322943.2808996,503699.417294057,8137248.89822764,1283572.42905181,1422126528.63868,7712052.24346384,32424976.3067658,8614839.85298515,7669009016.73467,620212978.236895,97535153.8614998,13440327.4364641
"MSJ01_MM_025_b",1231626204.78973,42122963.0961912,508077133.971549,49239610.6171966,25734260.928473,309929978.474187,1656962824.49777,121506550.651733,44774062.6932947,1926315095.65236,220244672.39404,3082338051.10295,41697388.1923221,27736574975.9177,552119342.730473,1433992844.52496,4791634.97734891,32199164.1047691,10541645.9248991,118412137.115137,169674650.666844,268270342.606262,110803924.545055,10753973.1044451,46841214.8231988,57355958.6759637,48031913.0492108,36643094.7988991,29227958.9885151,770249886.690792,205365104.704388,70656805.3625352,5516881600.55058,136749057.799184,12988087.2876855,14037866.3620669,17557354.6817236,13307327.6159449,6242760.50027529,7860944.27796116,19632957540.9283,109978297.375603,21098678.5917014,7682037.29915333,32941425.1177401,27275040.9862278,2517792.81248741,83800435.436972,65145028.2503654,25560978.9867701,18844.8512298669,17337942.3877288,573201709.207187,128079395.377092,79852608.9450427,12296609.3171507,2302690615.16008,18844.8512298669,13130537.587486,3166858.34122156,9155366.80695206,1918280.69922305,1236780.37131043,69055065.2009493,14204008.9214322,60093571.0455622,26563764010.2012,4691471.04754201,118127417.070346,18844.8512298669,3217441.04035159,404870470.690126,1399165356.45303,193498092.306889,86804934.8784153,189393717.355854,5498652.98460473,138993433.723819,58543682.4138534,70604216.8297576,4837303.7233409,9897376.34378548,254507640.630488,18844.8512298669,1551417.57711923,2315432800.0078,958464.859483534,6835606.70996972,21428667.1343601,418569119.950966,3774496.7853092,4572053410.0709,87362867.8488101,9138438.25966205,18844.8512298669,16441135.499104,16412583.5970989,3033759.96997729,16769904.4058489,4196594.35949704,1563387599.58732,2066242.35940693,1322596.0062232,8878569.17032175,9425357.18601256,3358680.8542667,2892153.46019388,1003734226.68411,11614987.1225613,3720715.71844012,15960370.3342753,9978059.39748167,18844.8512298669,277648600.237845,6467563.18301288,14946466.0203844,18207047.2555886,137742977.496531,1591607.96816957,17008955.8359199,91262396.8415842,18844.8512298669,36485609.2966596,9924635.38087672,24736338.0185725,6373587.15910247,283483.345712808,1156646.1880333,15401083.9787807,51372290.5604874,1757802.3900476,55295400.1011201,517384.479668437,2082003.02680123,546974.460745064,1524703794.69804,2116420.83251895,13271014.4008822,1806947.85899413,2910134882.462,402968031.630453,50646264.6172071,7523698.45816845
"MSJ01_MM_027_b",1283427559.2843,55597100.0469308,844015313.146273,34359778.4458549,19286452.7139684,492052970.643152,2491081327.1512,103838925.484317,43638587.2329446,1973593518.67104,304757306.956812,3591412446.98395,80143587.6917378,27510297811.5607,637654712.73406,1605956390.41093,7411968.25625407,50937079.9803651,13435117.4616983,202847267.3847,167097388.325945,369587459.313685,25717815.9682254,14429019.2768298,47601215.4545523,50063004.1993554,50925508.2702682,41877597.458597,59940634.0985634,740035361.370813,293090226.889565,73088502.9827805,5499723513.95381,191784684.09727,17128980.9585414,25642111.5099129,38510265.0189345,15541159.725233,6855746.40373918,13032698.5406655,14000908893.1876,108307789.005446,45631000.7446781,15102369.8775891,13002965.0611385,12386385.1744923,718163.829296928,156944359.339988,133857019.888893,20854718.8957358,18558.6085577664,21476432.4296047,609898739.711262,194565738.544,66419395.9505396,12109830.7501149,2298986867.9182,18558.6085577664,17305839.3745594,3964805.91118967,21253910.6969856,2472873.41048959,1524570.15283431,71819506.6618267,34881490.1864884,75879009.8876991,48773690067.3686,4458555.67897108,715245280.536653,18558.6085577664,3168569.92380723,177874655.15495,1775008560.16487,299159677.128392,103425121.027151,272670997.443126,6467870.9545313,150517130.028259,8732123.63959774,36652431.4866569,4259161.42141022,7551120.08462204,332692567.129464,18558.6085577664,3489707.80184965,2580790384.64953,2388194.89014491,12877755.6485491,26775552.2375851,442930176.779202,6440196.43058142,1374288702.22016,27635173.6282185,9997595.98639974,18558.6085577664,25469316.93971,16502005.4459036,6904483.36639631,23304991.3097595,2015536.93574992,1929185199.05914,3158290.97382662,3027602.63110337,9003538.58856747,3012684.63669781,7614902.94223228,4983006.04946677,609822656.948397,6427176.61055562,9999458.58703446,6061391.48148993,6672612.66657468,18558.6085577664,324666257.693579,6967790.78952089,18989745.0326953,19147810.2746879,100329076.37943,1359850.7936392,21891625.6519227,89876172.4551149,18558.6085577664,62507295.8242531,14466795.6220459,12088876.8461686,7554333.43226024,475003.071625668,797307.850192224,18407110.5852175,24735848.9290796,2222376.32375356,43703298.4354833,497490.382251766,2690755.06833847,707170.774728726,1342099160.67747,2468274.79012111,16867387.7853333,3446826.22939349,2519684119.47996,551873771.149818,85783172.7626399,9070881.95817404
"MSJ01_MM_045",2828885953.53463,50748744.8846317,187786844.864117,44035151.4435012,37637681.7566856,631032794.37449,2427559289.03277,369471361.359601,42010569.3352424,2681572930.31831,339131924.199625,3881379249.03159,39314028.5754828,31470725452.7875,695053496.806853,1058476720.52291,48423451.3388647,48149003.2275292,15771915.5819188,86048878.6763247,657651564.263493,388310452.77871,611850551.789893,16729497.8602314,61490100.6451749,19382.7494723892,41702567.6903152,51438884.2518842,23545347.8935554,1017112905.89773,339379336.891917,98837301.274001,6773442905.61063,375710568.148664,12041518.1422152,19382.7494723892,23605450.6998596,30216306.7150952,7593448.7735546,10659183.670574,26662279508.7797,87232609.4336497,32692317.8819444,25578924.9388847,59729511.0071904,24989374.1410193,2254675.88607845,110952442.345721,85975107.9837094,82602338.5224585,19382.7494723892,32990207.3969672,751444008.087558,88164032.4602965,58891022.0983912,19382.7494723892,3132754770.60212,19382.7494723892,26725115.7567528,11170144.9965932,20313682.8969056,2133289.6878884,1724247.77796927,59608346.095983,28533333.1311449,131767704.862698,24371459860.5791,7647000.62895773,269325882.735115,19382.7494723892,19382.7494723892,1044496156.3504,2635268013.83894,110930299.631131,53449849.0080414,379258270.530383,3763621.92651101,121768461.356965,83870010.6817352,101264140.704302,27831919.4227476,95239159.190677,356213823.363968,4901328.80345132,5267315.94877226,1557479894.11838,3236921.48400256,49549870.5814475,22899724.0564197,633684175.012476,11895966.7414929,9157732307.44307,879614817.267922,14028786.5166858,495211.342543086,40510925.0486086,59292630.5380486,10637907.3422325,31476050.6116871,1199256.40552217,1555237627.32402,3411519.75309611,2942717.69766332,10837390.7302935,5744223.34730326,9531013.33390437,5535567.01963915,1335304829.67536,39856306.0929502,5403112.56111607,23818237.6942047,28164710.8695917,19382.7494723892,318343336.895796,7116135.08821509,38875257.7455968,28950012.3557899,143664132.547587,2605352.97941903,22099568.7778494,89882226.0241325,198967.288163904,77880653.563811,16010952.0104964,50872838.8731238,6771937.07490095,823363.149354095,1369170.05117115,16071842.6013261,43533095.2015004,2991017.73618642,28273563.5670321,547335.263436696,6933552.39961926,697307.172145351,1430635258.86341,6092949.03115725,28197661.2889027,5095444.82156317,7482774133.79888,535042845.706515,19382.7494723892,17896236.9321904
"MSJ01_MM_022",1804613939.10341,53562897.7945977,461840837.020239,46278315.233099,43247957.5855071,358316056.849884,1803634070.10028,262913413.855716,40573690.6472718,2327392945.00219,298491075.020564,4219480336.24209,48322543.9042271,31155068275.5534,434566377.550777,1390715932.48612,9504206.0325096,46144010.2566398,12091827.9780496,265532363.817695,220622131.446302,432124873.092771,71500280.8057299,14627347.2852634,84540139.861133,59070857.5360286,36204746.6191122,76442061.4222767,14009562.6605069,718284804.445988,412283577.625083,108735884.222136,5517944129.24116,251416289.440731,10890939.6288976,18091127.1536876,24131079.500335,31816440.489797,5973889.45104501,16399772.6279413,10172390493.5247,72628861.9942331,35056488.0702674,10505121.4846568,28904831.2636388,33507088.0432099,2441807.56716762,177875094.232502,120583431.650871,36983152.5003644,18276.1266562584,42742771.0713794,786016406.239989,68003806.2787153,79658231.9975289,11925506.154519,3187962558.56335,18276.1266562584,35656609.4826689,7302741.51693325,19724342.0983502,2435233.62833624,1930232.48478206,40269222.5021582,41090797.4037015,104684037.399843,50028627616.1976,4663529.51939571,210499525.405144,18276.1266562584,3120340.89551817,221982970.7012,3298846665.78977,187658453.73936,89690627.5088111,1171510415.24174,5135789.54139886,141330003.458964,53942713.4576775,84147373.1017175,4691317.243325,7872225.44777858,418877753.093101,18276.1266562584,3436590.71106639,1492058077.17629,4904481.46290078,12681742.4134278,31460491.4179685,725097166.113578,5982759.7898329,4985770654.03097,101187217.215334,10675958.217818,18276.1266562584,27129930.5449139,16893526.1565462,11845342.06881,60362277.0821945,456353.317978758,1716159120.16775,3677083.39630146,14994037.2880788,12798484.5369279,8894497.39337302,7342990.43690128,23390156.5186047,1410971412.77504,12825699.2436464,23589780.345584,17287746.1621726,8472596.59135193,18276.1266562584,296164139.654415,8735797.32817966,73066407.239374,24469872.5079126,232373357.142299,2652794.37319909,28094636.280503,90225306.785988,18276.1266562584,79618465.9646886,18599092.4259077,54454189.9518525,7926254.33290897,1057914.51677198,1713399.96224637,22557593.7976048,66364827.7273061,4165273.81356842,34907326.740202,489918.045741569,11087510.006713,1715057.83521644,1401014412.35032,3305009.21205281,44754432.7736834,6383049.00003758,3565206287.21855,551442781.076822,26768364.8940884,21474750.9798776
"MSJ01_MM_035",2941119700.29063,43163721.1218597,217645811.053921,34242912.6921745,59630217.3448895,347486983.214026,1265772724.137,399744583.595663,43031217.9090493,1803707856.14678,279172913.067445,3650687594.80226,20602762.1627545,31433360306.3833,424115823.722869,1167808905.28129,17796734.8605196,57554945.5803722,9557670.78145212,156018140.294205,504991215.485777,265021059.502075,356525906.575088,10771456.1677663,67279809.5804588,15338359.1426496,40607741.5519479,35676484.4137844,17565127.3271003,1053436892.71515,344622131.297636,54873028.9667617,6787424690.06048,362155778.699299,9186365.66927738,15263713.8127241,20581065.566786,36395449.1933888,4776374.66235009,10674458.144575,27938071240.8539,74235814.9539773,18142777.6262191,15184535.7637058,26182792.4863219,20120037.3935062,1497857.35798285,134140778.68007,55563273.2638521,74208432.3270598,18827.8819271633,29560701.0542838,672781365.655283,119636144.111855,57777840.8488665,14873641.5838022,3201312876.53271,18827.8819271633,18301318.3537447,10715488.4002139,16541799.0479935,2414263.36406691,1564046.06459227,90011535.6174494,38394539.3433652,138756179.065604,28337351184.1886,4192944.76174982,192302337.460059,18827.8819271633,3428080.10560694,1477998531.96223,2186417043.47972,162046888.785747,77501449.5318298,442389644.290975,5147720.0823223,58602523.9171987,121975934.592739,63742750.2922539,9039728.28360747,40693217.344206,398416456.331009,5266222.52744964,7839538.13415794,1836131375.21969,2137666.3212271,17449351.2360599,41701829.5551134,850048647.95773,4966917.74413759,9850058279.71786,453170456.432093,8018672.29548518,18827.8819271633,31977766.1641764,56333726.8163829,8724405.38896998,31346740.2386039,3109346.35659869,1363375104.65225,2618045.14557785,4941782.32433566,10927071.2726216,9132688.10835117,5507519.63563774,7090337.12727377,1294639008.43408,56604214.6916348,5131080.09077679,31635226.9372107,18318914.5893827,18827.8819271633,318840981.357658,7447523.56503291,12574088.1949998,31201582.0431535,280775212.569485,4657363.89143163,23594600.112403,104210966.517382,670492.736761956,135164021.752804,16530064.770695,56140004.0221968,6350962.27264812,925087.604688179,1268041.81329945,19477847.6292145,31276123.1156834,3848604.09551052,48075475.3083121,567084.317691353,5064530.33973416,1375014.85131995,1455412747.10843,7113251.23253012,31282122.3584912,8498197.97914967,8373331092.83833,514112975.925533,18827.8819271633,10781487.9999357
"MSJ01_MM_056_b",1561121104.07256,72175253.8430655,1247736093.49043,45049375.3890577,19365.6912300549,402889016.026339,2748066154.85975,195751213.403159,53618249.2134764,3180066479.43273,390451713.272608,3951523141.79638,30126450.7084811,29144049970.3915,966793578.65921,1189458255.10014,27285740.7768028,56716560.2779463,19779801.2945071,272378373.109496,113756173.308189,19365.6912300549,140150298.518081,21359245.2221587,75175079.3988883,19365.6912300549,48687254.5624667,65164323.3859068,12175104.4439303,827832383.828519,343211081.074633,68533136.8547526,5814993195.22108,183809594.147146,16862584.5058756,19365.6912300549,53362181.6337212,18775131.3448046,10670003.1991078,12994697.8560312,9303358796.0662,19365.6912300549,40903181.4783789,25765552.6234086,54741993.8053601,14822655.3648992,828914.61328257,130360100.319604,110177350.9694,29860408.836936,19365.6912300549,35983739.7434009,647287514.049045,202945769.134182,19365.6912300549,19365.6912300549,3423865189.77963,19365.6912300549,17892870.5893069,3959855.94545519,11117963.1425854,2460257.4119623,1273331.81503837,137628233.010796,19365.6912300549,69398490.2949038,43695424060.7427,4364178.77258542,610520521.71105,19365.6912300549,19365.6912300549,158429047.989375,2234866919.09693,298966508.065038,63748375.5102853,1004280010.2409,5315164.68167854,164895191.152332,91934506.6600989,11595422.7940344,5103077.61791009,12252613.1787572,310620378.97816,19365.6912300549,19365.6912300549,3335250665.69271,19365.6912300549,50776515.6105717,25501194.8256705,462300615.166945,7642651.11059772,3024327817.45466,103287191.621485,10735700.4039008,19365.6912300549,19365.6912300549,12912836.1229145,4845705.01364729,32377707.2394827,778508.418454172,1597979376.73689,4542510.11512926,11514767.8947683,10070484.8908192,4295069.49204729,13224943.2815241,18236665.6517528,449055407.404649,11294117.0898137,14818077.9324134,10652916.6526582,11050439.7309478,19365.6912300549,305011577.573802,9234253.91208341,51634821.8914316,27469888.3061936,110573372.53986,1709005.63923731,25606450.9678905,47671128.7039458,534280.226330046,62292650.6725862,14481542.6304917,12448933.9900481,10266557.205298,574775.575501312,1467721.82570151,22922404.1068196,34847026.5014971,2714642.70101556,15374724.4611212,1034813.84962299,4247886.5863313,1229176.53698525,1617965046.81819,5863243.20423219,16028831.2905405,4517907.56459422,3455214071.38832,602944887.938859,81714920.1245481,13558122.665288
"MSJ01_MM_038",2147976626.46334,61584725.5155491,117119180.199849,45111336.4396507,56250070.457129,372862068.20647,2598034312.60285,305264225.534468,44546851.2763076,2914411403.6746,380540369.336487,3999367309.47066,74011068.5545295,32729351561.8499,1163253742.45024,1330382860.07975,7602342.96219965,52233483.1814561,13923628.5965368,149611350.673217,277178617.656255,358925845.587144,230829128.710316,10518378.5724099,72657313.4344352,58573106.8319865,41396410.8690559,61877161.0670008,20039.0668855556,1215491359.79179,302039328.322308,72328169.7732375,6906647132.90638,282288305.23472,15527036.9035698,29595094.8475775,24884917.9131116,24211412.6319745,20039.0668855556,12462996.7389649,24693495719.6075,79167204.6115138,39268984.8099916,11921203.2903602,45801467.2683119,14636449.6179536,2169267.99810105,120836150.604012,92594093.9709028,68275763.3414728,20039.0668855556,30675003.8104361,771261549.56446,61386003.648498,91672930.1976347,20039.0668855556,3133021199.5177,9204460.84105156,19841869.7976411,4600128.50243264,15476363.2827196,2235381.72256528,1910856.06562514,78910394.0618818,33418173.3705054,104557243.586468,33055871750.0593,5320252.0654331,109336142.361726,20039.0668855556,20039.0668855556,610260257.962618,2413334236.16732,183252617.391236,43599228.0240444,288590112.703487,5886784.98864889,159293277.94304,81295693.3154502,118600111.354471,8558512.29123759,12596389.8941916,371084633.738754,20039.0668855556,5610878.44140395,1467432156.60137,5272965.26687186,11946024.0594972,31824663.8741886,660132558.38375,6909663.52763839,6432679754.53353,269523496.10158,10712125.9366315,20039.0668855556,27006265.684847,25209515.4650732,8614080.21047959,37731045.651713,1632214.1841773,1827804028.61306,2859397.51372111,4290778.00675432,13949570.6673458,9081712.05022745,6927157.49424734,6123766.23717089,1231767940.74253,28920031.5211195,10399425.1886554,24929500.4820504,16989042.0541744,20039.0668855556,328771649.286157,7936029.64351298,20512797.4418711,34212362.7786175,288192167.783359,3765397.59793613,31442148.7556052,84803330.1850044,20039.0668855556,113306196.390993,16935792.7969176,47729208.6802781,7003632.70877462,823662.704928949,1579358.51502119,20841386.68487,39920658.1025494,3317660.14863895,45904852.2112456,642014.611094258,7305157.89408376,1092373.54280602,1283162582.25711,9067476.65677311,29434233.1476391,9053902.40147864,6235283756.38148,590627655.612036,95041628.8178789,17588629.8168918
"MSJ01_MM_026_b",1794232966.20091,68870234.1902546,473986819.492184,32291703.6247409,33277520.2188781,351229751.732777,2579272924.02755,179423209.413213,50634980.4185996,7757641108.89068,313513670.33537,3007055301.38556,40482541.4692181,25912586897.62,883399799.172711,1355998806.63127,6980902.07794739,46130787.4154265,16580534.0437019,120127265.304169,169557791.394245,356490300.568944,235428239.98208,17143610.7513795,58929818.803429,54236401.3981978,56670507.2738552,60761159.3488027,27638267.2758897,701057257.126289,275748570.907836,97005964.9758498,6036469328.40409,225680434.504048,17463589.8872908,17639509.4483178,89088323.4299072,15475205.2946711,14200931.6828432,9256351.43485677,19474039763.5263,103996641.661109,35458540.6775874,10534527.953577,63516178.7410532,9924498.88013066,521729.388805319,134053101.8031,36725472.2976467,35870957.8018045,17819.8907173128,21096154.9235818,554280667.793732,301321254.031569,75509471.9260899,11627803.8787501,2265824447.5121,17819.8907173128,17015249.4884499,3869152.28512825,8532079.32061822,2372706.11328027,2113400.07192666,177629264.112211,33493046.7036614,71140590.6387601,31953447435.4715,4281084.68956689,64815823.312854,17819.8907173128,2471876.72483613,353051075.054379,1623894107.99501,166592826.603641,133577151.827425,371359496.813117,4950285.6986432,130662549.088443,17227694.426916,30827761.8652413,4574205.58352659,11770350.7468761,333972876.585375,17819.8907173128,2509429.49761516,5874491682.07319,1191018.30893755,15454275.3180492,13392106.608624,380687987.619546,7236534.74847407,4178865342.40556,175733002.821547,15610191.1595195,17819.8907173128,17998213.7285368,19229486.5366105,6089761.65947646,23362137.7294736,1392622.7560255,1582108952.73819,4071500.42632272,6945127.32464351,12635510.5444507,18050324.9297801,12431385.3085942,9385152.41507557,1653130550.95234,22082496.3150278,12365255.0486057,18519777.1024144,23493332.2374945,17819.8907173128,277800102.956703,7339068.25755624,28207010.8406251,19034373.6408085,137197172.892415,2597516.41650487,21954997.0694106,86298688.0861966,17819.8907173128,82619519.7299706,11441350.1069957,27748984.8179596,6622669.86634675,739367.320480157,886020.507888043,21948488.8084625,41934157.7558012,2143872.55809561,3839716.28808015,466131.722856295,4996245.90397561,1203533.16213078,1516073050.43624,1131161.54109007,14406964.2609756,4834828.18437846,4764100615.33906,511565416.444863,78599553.0526206,10132297.7235211
"MSJ01_MM_059_b",1227058789.49699,61842008.6106727,1209960237.85316,40546627.4709187,39826075.6726927,266166523.146164,1558305303.93257,317684054.467434,36444782.6987323,1967268179.501,282698791.955161,3823379417.64004,25846738.3101626,32552963070.9864,433371332.089348,1080038422.14642,23205501.9033688,47522599.7728933,8100590.33894582,150830326.622713,626939491.519653,355506557.119686,257046699.430266,11138343.6791747,44287341.3855812,19365.6912300549,26183879.7838136,39881189.6556838,4289093.53525067,814631920.596332,318379149.185103,63377134.3028442,6488573947.85705,145072900.327715,10665973.5123687,19365.6912300549,25846148.5111281,21284502.77915,6183339.08165164,9196853.42806182,16250180123.1277,34071496.6297212,28011477.9893827,17452487.2002002,46538686.5550796,18257950.5498208,2099291.85853043,138003764.981634,77547300.7539568,60845952.6867964,19365.6912300549,23430656.9218506,711107867.52642,53525481.845985,120321062.539049,19365.6912300549,2295006368.27075,19365.6912300549,13192502.386787,5157844.46783935,15618227.7280205,1894437.20320045,1268009.52742648,59555886.3758436,7710103.81227007,78122832.7574396,39690236590.3564,5285582.16793824,25187962.2582254,19365.6912300549,19365.6912300549,481355676.889819,1665691082.76429,110832672.824572,64376487.369183,1150847993.41824,3272441.77889599,159864805.76532,152831209.534696,52542555.2269372,21682783.4172074,12420941.7770359,381077193.995075,4100531.38755589,6471253.08981714,999383952.906946,3152186.78770875,61267853.9511737,40964544.285092,559919003.529382,4554456.53972381,12552758865.204,224083924.837348,4152052.76835239,494775.520210459,27731480.5200566,36025689.079561,6008001.828824,27196795.1170649,1198200.97185341,1112826738.71621,2418363.51125582,17333765.8475947,10223616.9645957,12821979.9493165,7750906.93818991,26930753.5416964,2719341265.35315,69392651.4784754,31907480.6907248,38949297.6608289,13008354.1189345,19365.6912300549,292961807.904643,3801918.27398403,38841044.6651266,25037890.9360928,187028085.243194,1898825.11624783,21785308.11554,88676069.3731603,2239163.15868411,60552962.1760562,10645498.6399245,108480610.752527,5820265.56997208,761316.969835052,793437.609595849,17068559.5262181,39851724.4311178,2696978.46637664,72460330.0119686,2966199.4899934,3037649.21277278,847854.136633579,1043906384.30536,4777598.19982348,20216552.9022734,4218312.0160634,7188040308.1672,561132438.981766,19365.6912300549,16125814.2141835
"MSJ01_MM_038_b",2410682492.81819,67973672.9746489,3952374386.56696,53161790.9554652,44729799.4646479,402502974.511749,2722735868.20773,302258323.202459,44893803.3389858,3235194075.36968,319588922.711509,4275927700.41495,50562039.2376235,34489929345.427,1105800337.50018,1413373364.54457,7807928.18661696,58036260.4221007,16276151.7329055,178913614.771417,207319957.762704,380565826.43839,144197345.261374,12755674.0687964,80622983.0966686,46378964.7034802,50870610.1727005,72494754.8486682,19670.1456825582,1185046956.21635,350694224.840155,71761162.0100229,6779495076.20125,313284754.951299,12852786.9080378,27805422.5884698,24259828.8475627,26675741.5941156,19670.1456825582,13632185.6490608,28442171401.3611,76316029.9587127,32754485.8121775,11484320.9012822,43835540.5081375,15911250.3677252,1858946.41702436,124302324.842006,110289285.121,51335140.14387,19670.1456825582,34968564.7615118,786581917.426605,119930884.919606,88697306.4216693,19670.1456825582,3574516236.31829,9035005.80675201,21182935.4590806,4875361.13848355,16611745.3797159,2540880.82749964,1822417.13153419,88233463.5447156,42299820.8121077,108345117.732217,35275263979.2171,5222305.69879646,417308848.889349,19670.1456825582,19670.1456825582,376219489.10388,2348064407.39347,205541478.099544,56122188.8438879,307429478.250546,3123014.930992,167759605.818987,60541963.7091716,45721378.1384399,6389347.79332239,9052471.59671034,384729570.786955,19670.1456825582,3675357.66372798,1796955155.13192,5175889.45487286,13632712.023872,31281680.4885976,702713028.526586,4711165.664968,4903118388.76827,144336540.392722,10640571.9904313,19670.1456825582,21023562.3278994,18658542.2234738,8572832.17251594,39431049.286971,1420062.23906442,1612107599.16712,2888947.77614124,4715336.96221136,12563001.9128236,6553162.28487084,6283559.50043054,8162281.80848303,782041260.943396,15275327.8028153,11233723.4406644,17708276.2772784,10740341.2156967,19670.1456825582,308756424.616179,6558047.0788692,30065167.3279497,31027589.4631301,155317530.40354,2881290.17363186,30814261.4254973,91357567.3520503,19670.1456825582,64017180.950046,16196422.395117,20507223.3237973,7298770.09869747,786441.492258235,956658.343822288,17157816.6233639,29844945.4237818,2476496.70098814,91965569.9973655,354586.12184613,2933107.74944374,1051005.76802178,1692850853.66317,6842489.23098265,18127842.9859423,6738391.85972409,5209864743.78682,666914503.668698,90397611.5706702,8750812.90279995
"MSJ01_MM_053",2976750376.61235,72970373.0818736,177268668.483873,37557050.3105377,40328329.4532725,553938773.241502,2697364481.04312,472523126.024627,44553448.9283381,2286740169.81487,296217365.226905,3858799627.69908,26154517.455045,32077404999.3676,828476375.159426,1093658980.32425,23498150.6483017,49229262.7258473,11135813.7334335,100194796.925238,677585134.671255,127586035.858916,886885279.964594,12618784.9874207,53840967.1432697,19609.9154341611,27163930.4136656,38208951.6872789,11347804.1444677,1070502203.40811,280784298.487565,83732507.9060997,6570402517.22616,186625436.823941,11976120.0036511,19609.9154341611,19953896.5366732,18102773.3550225,5071892.33340562,12831642.5777708,30453674215.2782,73187344.5451837,41711296.5906019,15330568.6380378,55128710.8407547,15847543.7765761,1796822.11058554,94227117.161571,78240710.8714052,116407770.271191,19609.9154341611,26055347.632078,737470292.853961,84153659.803713,104085163.326178,19609.9154341611,2775606519.72631,19609.9154341611,20710961.8963991,5063733.50079211,12388256.7639076,2158291.858214,1325226.45063292,82045086.5036165,38348210.3640543,78925547.3716077,24207836238.3952,4869446.62057418,273831411.510096,19609.9154341611,19609.9154341611,1092282238.24991,1837908699.16321,112230403.532347,73328057.8058301,576870466.575366,2090077.20733463,184151107.266166,84564313.4192737,88380101.7333897,30518528.5482294,176029009.828474,388162271.161943,4152243.92405363,6552863.22274011,1373985832.31877,2915994.19342154,50130595.41733,18171643.4636497,600933577.503906,15870090.8377834,12718528200.5497,1021572738.41611,7440589.51416717,505093.780958873,28081207.1927707,80521820.7131216,7135233.41566593,42124738.5638664,877005.539382934,1064380049.75841,3115143.63929857,3571020.86510252,11104212.6605804,4460912.00218134,14196716.7447306,5809745.51739773,1429025687.72503,52151986.6478801,4823650.11359794,24529659.3490064,33357331.380643,19609.9154341611,316260803.708316,5158952.99709999,14616935.273515,30700781.2683747,93137552.4505929,1457405.53525096,26836102.2029576,95051276.9808224,1234350.41646348,39598494.3509429,16199768.6361847,38733097.4104832,4862918.47948395,807177.891893316,1386757.21696096,15301993.3148875,40354301.6727885,2496926.23967216,58116062.0294936,640279.54338496,6067077.34675482,1114805.89934049,1380101356.84222,4837849.34727956,32018687.3965632,4384354.84409127,8983663843.4306,643123772.016259,19609.9154341611,21700602.3123603
"MSJ01_MM_049",3089435003.90312,60561173.9066902,381468777.180102,47806873.3097609,39826075.6726927,502074632.455409,2694287571.39432,368092367.081264,49809738.8146951,2908546995.18935,406046051.013237,3934310362.21468,30569422.5589783,31605670206.7319,1052647900.80151,1132043131.66394,41387327.6889885,59908469.2934741,14795656.2263839,126789652.739488,698180855.964509,341638613.843234,549870467.15963,18648504.5484973,61948111.4202467,19365.6912300549,47026143.799078,49229835.5817822,6920765.57012697,1013189384.55815,364177891.198621,80674710.5971694,6768024693.23185,386725485.140149,14697442.2117702,19365.6912300549,26129535.4483168,31390845.668951,6932617.24490779,15669528.4146825,26620093852.3705,89284882.9692057,42997559.59755,23791186.7173642,54955937.0835397,22669908.8039135,2848326.20060364,133982718.686955,62593788.9883225,90119726.4267097,19365.6912300549,42695065.8448039,788059327.212145,79775932.0360827,91244554.1014529,19365.6912300549,2982385727.10835,19365.6912300549,25229620.1677838,9677829.11595012,21984143.4640951,2531571.74922699,1865638.65156247,56619941.8051264,45005516.9719532,151094510.881878,25857713740.1422,8228570.78645687,79458466.2354511,19365.6912300549,19365.6912300549,1191705138.8047,2969402621.38674,110832672.824572,35095168.8901901,435873901.758953,3272441.77889599,75277128.3162904,157507973.82884,113351071.872555,16648614.0693699,89551143.4994762,384016901.678522,4100531.38755589,10859049.2139687,1589191501.36299,3435703.18251526,17415358.6887532,40146895.6532947,608991789.517862,10103889.3866788,13798726538.433,667034373.603642,12237270.4065328,494775.520210459,31233126.1527921,67048431.5051131,10384144.750286,42102322.649094,1198200.97185341,1290048526.16525,3079465.44648719,5382035.26925962,12183654.7662579,12308341.3753308,8223100.40095693,9911881.38582936,2209655273.47607,59996106.1839294,8660338.95430431,35808301.5807595,30213266.4068183,19365.6912300549,321285259.126829,6716158.15333668,26151466.3654592,29319783.0399798,241350757.860708,3367385.67883241,20645881.3451093,104397524.373455,1218977.67051458,47201746.8848466,13864833.1758317,88879694.3713586,6017002.07379848,908811.582140313,1186037.27481769,22460342.0764516,33092524.4525855,4242505.0529597,59529473.6976648,1128208.80930323,5516157.89647442,715387.988154666,1495617505.27754,7378158.8019845,31449782.7418974,4218312.0160634,8034800698.92737,572963804.019246,19365.6912300549,16740195.4614467
"MSJ01_MM_023_b",1766379967.20501,52024026.2425323,199447627.616156,50517436.6101071,17558545.855487,697668068.551665,2630750149.4661,215904570.137089,39074512.7143581,2537988535.14328,390580147.876549,4533741314.71412,57618880.5715553,30500343262.5284,647721935.087091,1456533644.48037,13169883.5016477,59658719.1708634,14578236.6206959,158811844.823569,63819488.5560004,338507680.357449,24395650.0004908,20680899.8264981,83165454.1681572,36255728.7694479,46698350.6611594,73507415.1528785,54747511.918735,936327278.472152,425186368.872093,104550687.214372,6484018000.38251,321640936.993575,18552182.8570276,12126107.4526578,27766286.9679355,31636901.9780095,5479423.7119872,20430895.6822263,25752466024.848,106760805.863076,44544478.9109237,15578164.7068177,33459228.3108731,29108381.6425763,6579964.0355415,196947900.761105,195348067.048965,25056627.7061161,19141.0716910662,49019916.719447,874377806.046305,76439231.6623107,81107804.6672666,7582333.33310193,3171704862.64887,19141.0716910662,20331791.2457264,8277003.26010093,20098463.3409812,2550484.70286878,2129358.80812875,91067167.2335172,55979717.7877675,120425357.467895,45483397597.4712,3643840.36946535,1249859595.47839,19141.0716910662,3268015.69637988,205895312.842918,4381919052.25443,196539670.796695,93935370.6314454,84938318.5090813,4911818.97767537,148018657.30014,29575112.9037052,35305029.5093806,6207480.2481191,3986931.68271788,529461262.983707,19141.0716910662,3599232.50755371,1185429061.16212,2463148.54167082,4251991.38630343,45152360.6289074,806462398.310099,6887289.5367873,1746743024.75235,36938936.3640724,9073493.63609166,19141.0716910662,38803175.6133133,17019921.957146,14468610.472909,31011811.8370379,2078794.69320648,2338141507.17448,3110021.57953979,622500.490538827,11465179.30371,4820718.29958947,7407727.60694226,9486164.94116433,757124506.149757,9501499.91840088,4070216.75099326,10092523.8960559,5360674.58767271,19141.0716910662,372396996.118657,6675826.35949272,8184033.32785032,35947684.3412982,130969394.037004,2277822.41490281,29304087.7720097,92696941.9570016,19141.0716910662,113099558.846577,18216010.9348241,23898740.2726016,7160185.32869617,788471.256933293,1074927.40517288,17032125.4860049,30464535.9376559,3014539.73018439,138885786.019774,513104.150166044,4869806.86911085,1792958.17332454,1641429230.14909,10511102.8741528,31335910.7050959,9210739.49749231,2589184153.65344,642873593.824592,59539859.7628645,11458113.1625804
"MSJ01_MM_051",2264195592.85306,62067988.9909934,161692631.459271,37000142.8016017,42110987.3303202,334589839.718064,1991543373.49136,324957582.265376,47041882.2877073,2351736122.56728,314378872.242372,3444237798.36487,31685125.9428053,30933021015.9276,894173129.494117,1317846706.35466,13441194.853395,49164887.7435446,10706815.5503234,178721294.404203,657340507.49985,342921964.825371,486790451.703611,15030422.2397687,52586631.2587042,19373.5817981237,36208333.707051,40013392.497069,11211043.3397867,822922996.688178,348319227.277764,70754495.6409393,5892853023.23372,286271913.452107,14988804.5216898,19373.5817981237,22364432.1445113,27527064.0264005,6345905.23346702,8277853.772137,18280747471.0995,70644535.0286028,25744057.4323893,10128016.0098256,51080407.2902196,18157206.0351915,1876208.63205407,114914271.926946,75361199.7093962,71538230.7691409,19373.5817981237,29680758.7743856,702041306.698713,78084574.4008424,100005725.662602,19373.5817981237,2407753589.8883,19373.5817981237,19082952.6042692,7688806.94300328,16683082.9694478,2132280.6821743,1500818.0415,38156743.8864796,28519837.4037081,94815191.5146034,29457580081.6601,3828545.00389039,94229829.5755389,19373.5817981237,19373.5817981237,526128301.061795,2346231774.4062,73302554.1822957,40691191.6379884,798622179.35854,3464995.64470293,43374689.6578103,99630076.4896401,117403812.178657,21691618.086543,55834948.6705995,333089870.847917,3524496.46811463,6615367.08285526,1399014069.27855,2409374.89606792,49526434.4289018,23507253.7926502,587148738.349998,11140252.469842,9579657722.28623,662602368.139422,7732717.90124154,494977.116935027,27922447.3434863,52242453.6710783,8963799.45236245,39662641.7965815,1198689.17990218,1290574157.58149,3008009.42400963,15506926.2111211,10493660.3052645,8411826.08312628,9746181.72018536,23198569.1302425,1407326483.41861,35004897.8780515,24501269.4930818,25821679.7080066,21212125.8396308,19373.5817981237,312270156.950561,6614316.14924634,61516477.8686122,28750684.399423,219304888.160919,3148286.34336317,21717929.991887,88712200.5162809,1219474.34404764,60347767.6956701,15431136.6021713,47420928.1672146,6445123.99231411,737160.215477377,1232897.70869929,19076230.4816215,46471196.4911922,3600991.44772784,35911395.7249604,432823.101050493,6388743.36719806,708293.512650047,1429958595.41766,3806114.13708901,28276659.7546239,4430278.71208008,5628103872.09039,580187731.207471,19373.5817981237,11969587.4550351
"MSJ01_MM_029",4380336908.55288,62992897.9714446,644660346.661856,38882797.6019037,61333525.5420407,472040832.617395,2290316898.01726,450884800.29971,50581384.9591643,2873970907.21248,337656170.080296,4025365358.91696,37019206.9005192,32892120900.9814,888278745.724183,1402595834.53675,21432929.2907102,58891031.2224933,19926088.4036661,175869921.4694,578477223.28399,307589090.786087,532980507.100992,20038204.9262776,55416955.1783724,13532444.7136673,31251006.9562676,33505097.5336959,18066866.658138,1144808586.10205,399858572.946888,66998620.5882585,7470458249.05247,412369738.346455,10379492.8360732,15699714.384478,21334324.5178431,34072507.4026719,6244595.58247383,15015683.5365798,34992624157.4848,100254668.212215,33670418.8003843,16438957.0088737,37801860.7632644,23286372.9070007,1463889.63807002,112716321.061583,57486123.6344754,114612867.41529,19365.6912300549,43012344.14159,812438141.147778,76785317.5334078,88339298.8706886,15298499.9317879,3418128379.12794,19365.6912300549,38351869.6007006,9258301.93560159,22658645.901726,2541980.19908436,1570370.49978784,92582671.4154058,39491260.7121831,143153603.75144,31596116856.9919,6776519.9805253,74077365.6987798,19365.6912300549,3526001.54886782,2271499635.87321,2439474678.9894,166675679.460702,99044713.2582237,341511214.862376,5294762.20632037,54538414.3526189,175276126.440162,142837745.910566,10080830.7989344,31681545.8646604,456828510.150008,5416649.61623831,10426507.547486,2470282271.08631,7878065.98226544,17034568.1098359,44136020.9010508,866162045.329093,8835202.72807348,11047858549.5221,732675712.450004,12197261.4298445,19365.6912300549,34963517.4662211,64344609.1009217,11680730.8250548,42774273.5439681,3198163.32512229,1672201936.76541,3271504.29005557,5499734.13988279,12186771.9169504,12619272.2560213,7021236.3061314,7643782.06393246,1824318769.10071,81188249.0899824,712506.905262165,33854755.3526572,28622944.103175,19365.6912300549,322771052.652448,5985582.31053242,12529020.0231644,34882653.1228009,329231818.017888,5644790.08504124,26462149.4741856,122126566.954572,689645.036141506,118272844.208846,16292506.3899153,91991523.620827,5291700.74781768,961489.969096209,1568435.58858533,20549570.5532307,44471507.2349795,4196826.28847457,41825543.2186074,1093864.22586494,8695842.77187501,1410093.70861473,1628941085.14939,12389519.4831792,31621542.4115603,9159858.83243983,12389136567.9455,656496116.648409,19365.6912300549,23978553.7581926
"MSJ01_MM_037",1994397689.83021,61504069.8262037,367469836.085209,44574433.0637697,61333525.5420407,412283096.716479,2295662314.82874,416502532.476129,50581384.9591643,2856751640.30064,334793900.51843,3888029666.69986,48851118.2362917,32790488420.0321,1056082512.37076,1201166799.47723,7337194.5321391,59198974.6474914,11940087.4183805,139012507.66721,315706087.068267,323298102.288948,355695881.026243,11440627.9338868,72378806.509845,15776491.921999,39574128.1221,61700400.1065541,18066866.658138,1165054007.94342,299708839.168345,69299129.343407,7045121038.97153,246169795.114746,14330370.3162934,20901107.0969167,27799635.9311978,22899622.6478793,5565072.59816361,11919369.6164776,27003155110.6727,81138393.2031212,40521514.6558975,11909485.2884642,54382460.7589512,14687090.1415496,1989186.75785407,116637004.265487,75066314.3448458,83202538.7686559,19365.6912300549,30004301.1442921,725825046.847743,68097567.9161973,93795646.1786238,15298499.9317879,3049264565.22201,19365.6912300549,23354985.9980494,4223639.59981237,14295677.8043081,2310960.73120752,1738250.12543566,76230785.8677501,35505073.4487117,102855214.780266,28877361226.6309,4330926.86736693,210442065.535841,19365.6912300549,3526001.54886782,722577130.623273,2325071776.09812,166675679.460702,93933357.7167446,412375446.253101,3000756.99541144,140396273.58122,92985875.9344856,75540032.2955795,10080830.7989344,19447625.6132517,364055383.465966,5416649.61623831,5980858.85601373,1454925729.30542,1425574.89214096,15272492.4278408,34549812.0439437,635980459.222452,7022178.44081335,7246233876.55234,432040051.360318,11434242.4667077,19365.6912300549,22845982.636634,35909515.7148409,8131670.71285977,37228662.7973927,6535848.25084607,1740537186.63444,2892133.18313358,3843444.59324527,12369517.9691399,6807762.23094215,5839725.17343441,5854683.80548779,908895004.553496,41607444.4585623,5859688.51125564,25019941.3150333,14700254.7231851,19365.6912300549,310598624.051014,7203424.13494202,10695329.2377569,34886222.9730623,236504723.280397,3676001.65360569,31527846.0450283,93206057.0283476,460488.402062402,137022702.192424,17325009.1749939,35702752.0717876,7262157.77866091,854279.020165948,1534130.58175063,20445247.7176112,34025538.5734247,3497349.31193467,43951787.517213,892176.112984067,5209196.18913894,1355318.73066662,1395048875.75743,10446376.8684628,26157637.4199263,8732078.74703754,7699793926.61868,582837270.44481,19365.6912300549,9612016.27794119
"MSJ01_MM_024_b",2678193699.16404,70912460.1966067,1791483038.9493,74457833.8138551,96963122.410328,563071140.661525,2307252096.24944,389427866.057609,53063882.8700197,4375168441.85878,431341807.556684,5313527738.99784,78235861.4163276,35067163366.0299,773851004.337042,1354632418.00569,8711895.62305559,58156224.8641857,16551653.0300275,178509821.064989,287943972.760746,466773235.639701,122321953.309074,36969783.0370751,136017487.362282,54181749.4312489,73620215.4747871,112560756.332528,8117214.17006691,1442243382.34869,632709877.792871,100327868.779951,8259718059.03546,551658524.906679,27327217.2636403,17373900.8095156,34260270.4253995,66642729.9430323,7053223.75320275,26607968.8519171,40326706737.7094,133204419.575623,67206967.7752852,23571406.6866938,20393638.1045306,45732877.4083749,2378452.42996803,264133325.394268,120027854.025057,65336773.7396524,17801.9342885415,78429207.2787814,1006717011.05573,96961816.9391007,75433383.8918979,13831935.8797967,4786922047.31611,17801.9342885415,28420468.5967063,15812140.8680649,38344070.5840873,2933713.26741279,3830826.79766451,84695974.8701713,33459297.0293785,232483909.238341,52142326666.3171,5145918.33148058,339928060.025402,17801.9342885415,3039380.53311978,675922404.530648,5612996913.49063,94981150.0653516,87363514.558658,327328087.880983,5002536.35003417,119878367.618055,27505994.700061,213012952.443043,3816389.15623536,17593237.8254291,756321995.022124,17801.9342885415,6069815.35429149,1962439871.67974,2290823.06306843,29583379.2174917,32533906.3070749,1387399531.5333,5848364.72407482,6865431610.75912,185660517.084489,12358421.0431479,17801.9342885415,59343007.2504087,23027791.8865275,5994350.55161412,54326360.362221,1933359.17262682,2812257197.47171,2659085.27319552,7518119.95819464,24258189.522732,19149484.4667152,5725393.04362781,13302531.8884984,2355363674.36991,16377578.6175636,9097324.04874999,31919656.4846083,15841146.917696,17801.9342885415,378541966.098983,18412005.1485347,32900878.6208142,49762544.4401231,276701810.673681,4403895.55377757,40684367.1489083,86211728.1676284,17801.9342885415,116760086.824449,17044605.2586845,82217811.3055255,19895017.0279423,1049512.03056228,1395993.96178011,29866786.0633015,67677157.1540479,5337182.91894991,174705051.347678,477206.632515623,5366796.21516395,2347624.74539765,1393191156.0946,9473317.27479805,42246662.8262595,4951051.17138535,5758167188.10967,553226745.69711,35058754.2933434,14758454.6272147
"MSJ01_MM_037_b",1601439545.16365,45451719.1132263,1539244954.46157,32520286.2088057,56639520.1620956,356988368.714154,2485726201.57084,114184754.007944,42563187.532806,3893686345.32837,238328003.355769,2536104847.64843,36573693.0910413,22079543562.8184,929757584.622104,1109238553.56068,9703914.8645163,54668331.6911839,15415236.5278264,143581800.49945,278599683.751297,349145593.227465,379141718.411203,16565690.4354087,64589786.8668119,14569078.2391224,45766605.9106446,58489056.0319681,16684164.9702345,558826536.59607,190568927.657349,71775791.5168368,6793780697.77944,131644799.65219,11054836.1041336,14498176.6751574,46577604.0801799,10956295.2042334,10110584.6271635,7112954.08336674,16172344793.9522,69131443.7316998,44768559.3944624,11249904.0321294,85894980.051392,7407210.87209343,988254.74469497,68740278.9447079,75200761.2614468,26966341.7070742,17883.5873070068,21912581.5350953,389835756.901827,240313985.958891,91685644.2298266,14127668.1501438,2014540265.09497,17883.5873070068,21567571.5464173,1496941.18917203,5768738.43313712,2155517.26288053,846072.242109399,216480366.351236,36468897.5167601,51838508.758527,17291966038.7246,5078384.9139473,173775758.533085,17883.5873070068,3256147.98845679,290346584.437098,1104927856.72236,189381815.332904,48030342.7152311,154347579.965239,8431639.08520094,110768877.881263,83849357.0896826,34771270.2296093,4240968.60818426,9385130.55268079,159721429.747001,5002100.11471858,3198709.71793719,2038544250.58981,3206610.02086474,7191903.85679768,21043819.7780115,269371794.662975,8112611.71496675,6282392562.97147,281627803.533092,12645679.1357796,17883.5873070068,30373951.5306307,38210731.093985,3260282.29101964,18044384.8886632,5178943.57890847,877598146.940102,4325364.80208372,5078825.97566546,6973486.06582962,7244933.6618885,6033079.57306542,4045738.9304495,555980532.855795,31905393.8555868,7317451.46501758,14780590.0274414,17464056.4175798,17883.5873070068,184562542.000193,6160977.54739832,16329626.2574477,11266705.8351328,79243288.9743313,3173774.10680112,16553621.0498629,36094300.8371692,636864.80736301,26912724.0253042,7976456.66745756,15276618.0930954,7051508.14232348,336172.178891894,696234.611587742,20462482.3693262,39610461.828935,1850685.51502273,9171171.12630746,459515.650244829,2710077.56205569,1277034.90098445,1531912741.64859,8750184.5173373,7944892.20625963,6468033.85547997,4953539448.74358,484996969.363124,17883.5873070068,8782694.76867164
"MSJ01_MM_050",2643096714.55716,56786691.3216239,250969515.17713,50864015.1610004,19519.3390150678,541891192.772213,2827168118.41282,235471832.912105,52220247.6107983,3225001122.34568,399938791.839823,3798376621.80858,55798071.812891,29081477152.6762,587810439.969254,1332340308.86231,49346515.9711242,50839030.7277093,15355095.5226054,155518896.15182,260964711.055479,19519.3390150678,136605118.376153,20122686.1074539,61913012.6385823,19519.3390150678,57045792.7659985,51761811.2319661,8388270.47178799,889563296.193123,363960420.776221,91704537.9127472,6093815298.93222,336852136.111594,15334928.0194339,19519.3390150678,32928172.6653175,28515519.2855587,7895551.34302446,14235558.5029329,24341950923.4909,19519.3390150678,43212881.6457171,27691623.7146839,55187442.9794622,21092101.8501691,2127873.49042271,125972647.83594,120926891.480067,41354577.9021782,19519.3390150678,40847146.6641744,733850620.611363,125278158.726262,19519.3390150678,19519.3390150678,2973403084.87037,19519.3390150678,29004256.5781119,8276130.91061926,19091151.5579586,2580376.60961762,1986820.03925405,121900117.643369,19519.3390150678,141618282.833283,28920582069.9351,8686131.04547096,198668813.64759,19519.3390150678,19519.3390150678,592956104.874099,3165052046.19417,278404436.035016,41691299.3890328,287754608.23934,2708060.39118508,207362885.55912,84751916.6127433,132922702.415344,6831183.07739156,10718635.2149482,354593769.453483,19519.3390150678,19519.3390150678,2006619923.70393,19519.3390150678,28489805.9081475,24787585.0626664,611825155.080177,6482104.89235741,6129397821.32643,161561580.087334,17776141.2762743,19519.3390150678,19519.3390150678,21472312.1582175,10548664.6487895,41371377.0112325,3621488.15336035,1596234375.1309,3331150.6851052,2955087.18559739,12603961.4881377,11973258.4290552,4799203.90631288,5911672.22823346,1335128725.22267,19394026.3869973,8209765.40376346,23625266.4068405,11959826.8438575,19519.3390150678,290184186.097716,10087152.7548965,26609002.7645854,23309636.7167345,219113237.938449,2596471.4807629,23349757.7458095,70799260.2101875,602924.105762983,65797693.5824838,14136889.5392427,55572678.2875402,10209908.8763317,918515.3477657,1230188.64889368,26540735.7379472,47614597.2935345,4140023.7010089,51141497.5144747,623304.37346995,6015660.88604293,1365798.5351114,1528369137.35639,7636112.19481505,26762066.2919113,5679727.19248865,4403131716.23409,537359934.73319,84120308.7957194,18255020.1099297
"MSJ01_MM_054_b",1747635147.38456,85419704.1953822,403767419.541839,39296869.7696583,19401.9475375099,610514881.173894,3177947560.42463,389069869.229645,48380977.0564039,2494540117.72816,351955636.040989,3830427227.10499,32025761.4032875,32052839356.1643,923846005.409555,1191685150.26693,17180997.5588108,56836368.9157049,13815320.4977517,129493482.345724,247762539.874088,19401.9475375099,392923921.884245,11957472.44139,62294973.7402472,19401.9475375099,31024874.2907623,47995860.5730577,10267860.5330625,1078723884.14497,313037826.404274,99192285.5790586,5941523199.47886,220569306.489735,16543309.8870515,19401.9475375099,23632840.859933,18793814.7328586,7209430.64744251,10360641.8213749,24060899533.9478,19401.9475375099,45281842.1585566,20554091.2784747,38476797.8601403,15210900.6939867,2778611.14350118,111839665.952655,94827488.4331555,81428884.9410446,19401.9475375099,26205794.7524601,770335894.036178,78015942.8792044,19401.9475375099,19401.9475375099,2460367758.70539,19401.9475375099,16591266.2969672,5158504.88922341,12389147.3503951,2464863.48814552,1637008.55458148,104448093.937963,19401.9475375099,83468012.4720652,37834616267.336,6388360.9439718,180873260.427734,19401.9475375099,19401.9475375099,737237702.209232,2195969157.58451,253933930.52905,80406846.542337,563328379.184712,6603315.6142522,206115782.083553,92106625.7804333,32805794.7529453,20825214.3439951,13245442.0721228,407893370.033525,19401.9475375099,19401.9475375099,1148783796.53104,19401.9475375099,23567207.7985008,24752391.2429913,505805784.733597,9839337.37677163,8427352127.58548,607579972.338316,10624159.9720627,19401.9475375099,19401.9475375099,34467854.7748718,9618502.58091458,33072882.0570581,608932.940487791,1489310806.87487,3499316.17825562,5133553.52313429,11407145.331262,6338296.70493147,11483154.2004816,8640551.86538741,1210649494.9104,20625058.9373657,12771121.8151275,18292510.3820991,12630623.2175321,19401.9475375099,363934422.327303,4125056.93710548,35502537.0152378,27901521.783452,134922093.101129,1502592.93316401,27954217.2836114,70373465.5785318,599298.05307871,38543630.2132501,13428481.5487894,37285695.8843564,4311213.54303853,511389.518662018,1020263.13058365,15114514.9880826,32657768.8688064,2157888.72873554,41091792.7834986,845543.605440357,3976936.82391643,1231477.79243294,1636702580.50286,5874220.32587326,17340170.8230195,4526365.95855336,6930971388.60856,675539150.526957,113896229.432714,11511005.1067494
"MSJ01_MM_043",2105771235.13588,66469934.8311488,139577808.728623,40295681.8192279,60998063.9461701,500826117.99449,2565020020.13629,460718452.198862,50304731.824198,2672165577.22979,326082478.019835,3677132886.54588,44497711.9129578,32116333824.8048,884107439.228113,1194597059.22672,16978710.7630954,58875187.9038851,12457024.1987461,120116294.477564,395874805.444618,456791475.282302,445394797.192436,9898555.62113987,64279282.935509,17921976.4150509,30098257.9718238,51366899.3898828,13423569.3737511,1002313861.54266,340633711.888152,77299106.8462646,7316578040.44634,208518307.508588,13341495.1514588,17046535.5064473,28770289.7532068,18966481.6760749,6542714.10550007,9714275.33080081,30254867155.8514,77726149.1220427,76449708.7892451,15532851.040108,61131087.8729736,17969606.626053,1448626.07229499,112833316.221318,80987636.0374993,88820796.6474565,19259.7712519066,30827009.92131,687280335.653414,83270214.6391909,150565072.880277,15214825.3157245,2586579137.65886,19259.7712519066,16951139.6314403,4642159.23181841,12837720.7552731,2099952.16223352,1478596.46782131,97362145.861193,44447951.4554524,86327331.7748869,26382846671.042,5469178.53183949,233342305.194865,19259.7712519066,3506716.20539258,1324281115.1896,2002318482.47699,165764052.598712,93419592.4667176,458376639.214778,6289104.57870179,180495775.574024,84766825.3966089,61788030.8557345,10715266.9197609,31508264.7457049,390582379.744312,5387023.43857321,6157985.69724052,2195415007.02526,3453366.17512581,16941398.128939,30060123.6584951,744693194.953183,10328852.4032007,8853097991.09284,567368762.010322,9924839.93417175,19259.7712519066,23212682.8231769,47185403.1366985,8490019.51254558,42217615.5639929,3180671.08146894,1424293648.70437,3663053.46606316,6264439.83610224,9107166.15153957,5869729.88657653,8839685.74871664,7021985.9924063,1005839366.26257,49221285.385939,7180085.65635674,23129837.0925456,15668688.1492333,19259.7712519066,326702164.258341,5863934.03007185,9470893.08526694,30276295.8552925,169388520.720726,2847477.33071945,22170818.234516,77608935.656741,685873.046477392,81194508.1040671,17027803.7031171,36864619.9393093,5942438.05900087,660079.628536966,1501485.91356527,17625307.2526398,41739970.9344729,2990978.23655243,14506468.2001096,509333.316758284,5180704.67081567,1375305.72873516,1640856272.15314,4868832.9842932,25937078.3134773,6965764.21540014,9967662666.1342,608547170.482674,19259.7712519066,13768492.1674317
"MSJ01_MM_057",2720899663.26548,43095743.0641279,136999995.638759,34222784.413327,39826075.6726927,539967359.306235,1932115684.12316,457802630.91942,36150219.0834901,1987537015.48226,269727499.937294,3708185383.53014,30569422.5589783,33640953051.55,784083482.595871,813255406.370732,12009074.0100703,37025181.4045668,8964046.41254856,64443461.9523448,886168234.439183,345060735.170886,956708801.631384,11574468.6504942,45081745.9115796,19365.6912300549,30900091.0583891,36089346.0440369,11206477.2506909,1035811870.32846,284949891.058309,72534395.316721,6984218553.34966,204456772.824505,15286782.9852434,19365.6912300549,22442129.2659954,16213614.6620616,6183339.08165164,8659497.7416626,29946292122.93,70615762.573507,38727671.0510846,16758188.468936,19879212.034601,17004405.1521529,2066062.5114774,135631834.476327,77547300.7539568,140774720.070517,19365.6912300549,22499312.0866145,666401385.355519,67899800.7572029,91244554.1014529,19365.6912300549,2751824352.48651,19365.6912300549,16365485.6570127,5233242.06516286,10707801.4977226,2021984.88216181,1563733.79143292,59555886.3758436,28508221.7034886,88750893.5688602,23324500631.2037,4438282.0802571,37875695.1095201,19365.6912300549,19365.6912300549,1354715533.20594,1752798494.47958,110832672.824572,65538949.7285017,666787468.710246,3173610.57181006,176949769.852131,129194691.343206,104860342.693186,21682783.4172074,184889059.767862,403897023.608563,4100531.38755589,7797630.12604001,1166223296.29293,2668316.08101195,43677042.8829234,25429200.3370237,665912322.666952,13556223.6847037,16223281493.7253,1352619144.27563,6904702.59881064,490747.757096662,21492676.554738,109483900.183881,3933598.90056963,44013715.2957102,1198200.97185341,1290048526.16525,2790966.42125408,9059217.91561661,10731565.2707614,6094155.9301949,15535066.1171729,16573510.3375319,1805389385.51278,71199493.2354741,7066248.31768189,33372622.7301571,34032483.4564463,19365.6912300549,308843338.224062,4730792.49655213,38232018.1064481,31750925.5161005,165577726.291035,2212817.07751984,21670457.098169,96559761.1814643,1218977.67051458,35756710.2100801,15573371.3797825,61691108.6948881,4810087.08987904,731651.564116629,1137504.6325221,17141751.6139758,43241180.3529839,3389845.22628787,31394322.6022915,1074677.51183613,6585993.08816472,715387.988154666,1542035071.2242,5047119.88418951,18157723.4711352,4450589.68297813,9424090713.69543,503002273.351718,19365.6912300549,11332017.5749386
"MSJ01_MM_044_b",2322659818.91849,77065943.9925582,396739633.59431,48173240.2750013,45635388.8751361,519202939.542494,2598791705.33629,327499825.819195,43304235.9071288,2720810282.14894,324421688.929387,4318450020.25214,43670884.2454323,32743203108.4377,955482466.168061,1382207596.99883,15425951.0949916,50188826.0362327,13519635.8080394,134477401.549145,277404265.479752,359450935.578025,314654975.807945,9365495.51059265,63630989.9829593,56403206.7185883,34206267.7710918,55701192.6693709,20068.3830063576,1122053999.69872,361788712.050911,102070572.742104,6888113822.57635,267707086.39405,13113001.5268934,28368364.8898358,28530539.9481373,23231072.846189,20068.3830063576,10508252.3019107,33426817994.2499,77861107.0529156,55022012.861882,11240582.2128232,36036556.4266093,21196224.9097371,1896582.22603917,118585129.289187,112522177.060854,83374405.3358209,20068.3830063576,30582990.0508042,759859112.880315,92364394.9558219,93800822.2816004,20068.3830063576,2767277184.18622,9217926.49229546,16776538.6144697,6385348.1817331,18314112.4619416,2592322.92646355,1666195.01326226,76102113.1277364,41298371.0822067,101089007.507331,29890808234.3438,5328035.31967035,390622427.706722,20068.3830063576,20068.3830063576,1177608422.33688,2356434966.17529,272068793.03823,69274072.6700768,334232411.06662,3104351.54236161,206627404.94384,55842523.1971001,44548734.8225066,10047790.6183714,16447053.0469173,460943254.377793,20068.3830063576,5387452.25206125,1527835955.44718,1682063.58383869,16552120.7294161,35851764.7543737,868502899.672658,10717716.9194098,6181287071.85825,361239116.820616,8655660.98308847,20068.3830063576,23205700.2107738,34463947.2358182,10213319.9974921,42644562.5437355,1448812.49820536,1530294945.37318,2858342.03080901,4850173.95573383,9197665.14096107,5165536.10372751,6659539.24504781,7391147.56780104,684095507.407971,24914357.0918944,9183951.5135533,15822449.3151852,12127762.8991558,20068.3830063576,350899908.521095,3681255.39376867,15503628.732594,26888455.7985748,121538404.134138,2939624.12328095,22823084.3277475,84927393.0810623,20068.3830063576,48076820.3328914,13909427.8439805,21285669.7890712,4016542.67123971,352828.863570737,796963.217141719,13798211.7949147,26237561.6039759,2207237.72235002,70990617.4252312,466014.247740683,2834655.09170629,784181.501405041,1565026073.39418,3010607.95411331,15945775.0564986,2215580.04602764,9722555424.48089,682555582.29739,88693531.1426059,17614361.0747093
"MSJ01_MM_028_b",1081976843.50776,48915415.4627068,825344071.712496,35519748.1756884,16001476.3093079,637527570.640497,1874145868.42573,146095323.175661,31985844.1098806,2075180651.78399,264808313.723428,3677876488.03824,65938990.9676791,28987567459.6006,824610399.078582,1055277677.24865,8994241.32097565,37530048.6860916,10228314.7684501,96730157.0021691,163870945.089193,333634773.504799,29167382.3647576,11303196.6156717,50489547.8261177,27509526.9469461,32223544.6102692,48585429.7021715,13296420.9950667,1017112353.05759,290730959.058128,103892909.631089,6165320668.98339,199696141.297744,17836358.6111733,25163200.3121207,16980415.5399514,19085442.5853155,5141019.75060147,11062153.9136171,26860225841.7122,106216499.98636,19510307.522059,13013490.143229,31814666.7484715,15595334.5428425,1907382.96802177,148335742.899357,126631141.229947,17304877.2559411,18200.2648537468,20586812.4429541,687775290.125336,66471300.865968,86899272.783361,11876004.9440186,2019139447.74277,18200.2648537468,22491938.8176478,5592100.83928393,20843524.0529464,2425125.29323564,1675869.4877758,86591105.7584122,28965243.6303708,94238902.7529523,28563465112.1953,3203707.17334634,641313426.150147,18200.2648537468,3690137.41799872,204166464.211266,1900262994.18939,186879508.133162,73229404.7700044,125287195.768666,4192452.24344316,164827096.137937,9909086.09933119,35723403.1600271,4301722.96181084,9568918.10484869,378528499.158168,18200.2648537468,3422325.87417073,920739719.41345,2342081.81005104,12629102.1654932,18387481.4690038,461208392.044494,6105241.57701657,1350682069.01833,22928248.9229394,7743251.70423402,18200.2648537468,26850906.416242,5059261.12988201,7635050.44698746,33111078.9938662,1976619.41836726,1558136284.57946,3160502.60018852,2299433.55129667,10340462.960667,4463004.76534416,5155443.45517674,4792960.16902448,687909140.090352,5819941.89977699,5177420.8574819,9429793.84235404,3533964.54665905,18200.2648537468,324885900.660663,4760709.01943242,17749146.19373,27678825.3462668,102376305.941265,2578537.88264727,24724391.8705823,86430756.7818639,18200.2648537468,48880514.2175726,14121547.1883265,15450914.6118333,5070131.79124897,755149.471476289,655386.494896933,11801107.954058,38310328.9098131,1694124.60397868,35709648.0540636,487884.460248761,3199833.51699128,340632.068547812,1458613281.54423,2639085.41642182,12592561.7889668,1789074.06575094,1932804741.57767,439899653.283221,63861932.2662919,9295747.48605909
"MSJ01_MM_059",1439188745.97953,65629327.4824409,171748716.79159,38545304.7872897,39826075.6726927,338084923.665155,2125639117.767,392519571.607293,36847289.2678074,2106314579.87387,320225831.165055,3784500436.00393,25907999.2892944,32263230044.0796,540704445.485811,1080038422.14642,23205501.9033688,44399543.3835134,7998184.91662759,151166255.215152,458268980.296508,369638557.746763,344620942.163289,11618313.5544748,48366569.9362245,19365.6912300549,28288826.3946601,42943534.5286153,11206477.2506909,960990430.182018,325710058.424851,53694923.8847887,6488573947.85705,152695480.342429,14746694.414373,19365.6912300549,25754973.7062451,20944801.5982438,4037190.54695652,11236972.8733028,19805512916.5002,70615762.573507,42858521.2789894,17452487.2002002,19415443.9368237,19150405.1260925,2099291.85853043,144295371.873969,86646473.1634328,88277732.0892563,19365.6912300549,25405662.4864822,736502534.19957,55128095.5702524,91244554.1014529,19365.6912300549,2375115955.21393,19365.6912300549,21342880.2398073,4957159.86027217,12643091.0877333,1838349.18417538,1479293.1523286,44819162.5403021,23446648.8091303,80557403.8467552,40994693334.8346,3143379.40070392,99410345.4984386,19365.6912300549,19365.6912300549,499764409.460364,1925931119.54954,110832672.824572,60495323.9974697,1250834294.6911,1818504.30440946,154121299.972488,114366143.78311,35836453.7887756,21682783.4172074,95155341.7395201,442128540.460896,4100531.38755589,5099052.61169717,1217161089.60269,2170215.53298251,75664796.7095794,33461153.9829218,616465590.75441,7532421.72006957,9909284515.70871,462933600.366601,8996308.86830474,494775.520210459,27731480.5200566,42163694.6489531,6190493.37867827,38917237.2456909,704160.169544764,1274692881.53271,2982490.77896998,21556896.057164,10953105.7133266,7029026.59016849,10483284.0113033,30760621.9400395,1422023054.8041,38375007.1562122,35054749.6165529,24718883.3163919,19607274.7346905,19365.6912300549,326733608.306246,5481899.51478123,101060835.958065,34008754.8225787,252228139.969169,3227207.28645346,26507696.9360939,88676069.3731603,1218977.67051458,86896851.6833639,16249634.0664464,55866046.4290599,5454172.91489073,746285.018985093,1240382.18730024,19475233.7561681,39851724.4311178,3392842.11995557,28481575.3798451,1074677.51183613,7106754.48526633,803596.305469568,1526610716.14053,3248117.31147713,19583369.0924529,4142939.30222936,7416690403.05254,601963052.53099,19365.6912300549,12464193.0315976
"MSJ01_MM_021_b",1644462743.08354,72500629.8030674,527418147.160961,58722648.6228378,18699863.6867881,690587104.389446,2766701116.72739,222035570.646998,43124316.2272406,4624304500.93813,429039393.224666,4801569988.28172,69922837.7308403,33591606818.3796,715669889.945481,1481137082.66398,11987929.5108785,45498070.3140748,17456662.8847456,179907835.928876,69365966.1790969,353718997.758009,28788198.3421706,23596284.0983404,134958245.929064,104012751.008871,47855987.0098936,103376211.316827,22327525.2608562,1018000923.16209,464227108.696091,135480842.306033,5989542709.66796,327789610.061934,20645451.2276111,14509730.2558349,39242338.8452059,46408899.5190696,7602759.09933745,23782346.1163837,36469187464.0261,111566084.419427,88570600.4428108,22451454.52645,30907606.5163119,37610189.0385036,2678651.32892077,208322231.423648,154606171.692754,27796849.7167052,17681.3615254761,56956811.2412171,943058007.505341,86312221.8723159,74922472.4720599,13869881.3606338,3829792387.24994,17681.3615254761,25758620.3287411,11121651.8160459,28707139.1369037,2355983.13534696,2798510.78496556,72188264.7793446,33232676.7179185,144665395.609412,43793960306.3287,4983853.75474792,688441445.074405,17681.3615254761,3018794.76401482,335803083.233475,5219248234.44135,181551431.891682,50196802.4074489,136260799.657349,4968654.09767426,137728739.852368,21762063.5754863,40519720.7358073,4931684.67022807,8140361.58834807,599807084.048039,17681.3615254761,3324752.77285573,1079499655.2685,2275307.28473045,6286732.80420001,27351810.4656977,1135160160.91957,7670940.11629871,1885894820.41092,51077447.7777337,11418732.9501092,17681.3615254761,42930950.3314848,15721972.0043232,9071772.38261123,57361894.0299663,1920264.50248238,2435233050.21537,3433893.79687393,5114107.2888953,14584872.6701371,7889686.32244699,9449281.70731238,4068252.78062151,920614132.95836,12872492.8748341,6351314.04232345,12271872.4368155,9188311.69503495,17681.3615254761,374732033.060239,11059091.1535823,15402887.9161326,45476020.2371031,197401297.648763,3124269.75125186,35152679.0264235,85627814.8633023,17681.3615254761,135097027.686733,20208428.9436344,26021058.6358809,11640145.5642604,888954.308316695,1284054.7878586,25812581.3705666,75445774.8496631,4049976.39913027,93458574.8903068,473974.504966843,6520646.79190821,1194177.0735361,1184069965.43041,10662856.0500235,34211935.5637161,7262186.18725222,3717330550.78538,601883939.567602,54999312.6108348,16516281.9223744
"MSJ01_MM_033_b",5116354342.24966,73517657.793874,2956402574.58186,48720152.027557,67703584.7417142,646210230.345369,3393304195.99433,368707947.617476,53403697.8063296,4436707933.5023,382184348.008325,4586361786.75849,81015429.156963,33549871942.6086,1073824895.40436,214662983.996965,31677278.0399821,71945458.9050336,24294987.0588367,304311507.597582,447630260.882879,499840879.578702,437640095.55242,24631170.7828744,88357207.3738391,15009594.9832624,77273041.1675355,59888897.6057908,50740571.1793155,1210579413.89853,511489175.209255,73946034.3742172,6999200292.91558,493372493.393652,20402099.6490651,10520791.9308606,60015512.8447781,48403359.418193,6258904.94579969,19878558.2253624,48341053285.1845,72644635.9319718,51903844.3973333,25944606.9591697,98452754.2316449,26831086.8227121,1763877.39399114,155827476.315631,150334401.375771,66455194.8335373,18424.3229338409,67869004.2978819,807247707.140151,245137309.805735,78736705.4545971,7080193.53508963,6229328741.99325,18424.3229338409,22219697.6617897,11944322.0933905,16187240.2188392,2418414.27310759,2844406.52596685,88082217.9787628,37571586.3576588,176186721.088496,30421510396.9879,6204439.74693109,685077468.868897,18424.3229338409,3354602.2411398,950674942.318697,2893719323.13808,123134916.685323,151647739.888432,85188987.6157657,5037383.25620642,101577496.251739,109970954.989285,163043613.829246,10585339.714774,13495356.4182916,347043560.753274,4358841.08485306,4861663.09940078,3988944221.66504,3303566.42283704,16206515.954723,28842864.4819239,1104627178.06605,10108851.6101409,8324090636.26912,392958001.471379,16614036.5792817,18424.3229338409,60331296.7613185,40155419.9242727,13411891.2996561,61293309.1156046,1282731.0596288,2469192899.56247,4725869.92340618,1087658.69368423,14116111.2011877,7974858.64361387,6358142.18852436,7272217.01042234,728412266.90549,32290199.7819403,2423428.60101918,23227389.4070489,25857917.728756,18424.3229338409,341240096.044697,13071093.2269795,4343189.98573054,35764646.8310014,174165430.685701,3083090.64843144,36005241.1081254,111047879.71439,656121.318090199,137043702.320439,18048033.8428232,21906636.7585074,15117303.553038,957032.137100327,1503234.21700232,32094173.9315118,80081510.2810284,5045939.69487158,112809122.283287,848807.337894889,4641164.43703454,1894305.42218419,1494332160.69655,15126955.2312718,28075420.7514371,4765453.86276029,7377031877.82084,770134003.648941,18424.3229338409,13927315.4920134
